Order ID,Restaurant Name,Location,State,Region,Order Time,Delivery Time,Order Month,Month Number,Day of Week,Day Number,Order Hour,Is Peak Hour,Is Weekend,Pizza Size,Pizza Type,Toppings Count,Topping Density,Pizza Complexity,Distance (km),Traffic Level,Traffic Impact,Delivery Duration (min),Estimated Duration (min),Delay (min),Is Delayed,Restaurant Avg Time,Delivery vs Restaurant Avg (min),Slower Than Restaurant Avg,Delivery Efficiency (min/km),Payment Method,Payment Category
ORD001,Domino's,"New York, NY",NY,Northeast,2024-01-05 18:30:00,2024-01-05 18:45:00,January,1,Friday,4,18,True,False,Medium,Veg,3,1.2,6,2.5,Medium,2,15,6.0,9.0,False,30.25943396226415,-15.26,False,6.0,Card,Online
ORD002,Papa John's,"Los Angeles, CA",CA,West,2024-02-14 20:00:00,2024-02-14 20:25:00,February,2,Wednesday,2,20,True,False,Large,Non-Veg,4,0.8,12,5.0,High,3,25,12.0,13.0,False,28.18627450980392,-3.19,False,5.0,Wallet,Online
ORD003,Little Caesars,"Chicago, IL",IL,Midwest,2024-03-21 12:15:00,2024-03-21 12:35:00,March,3,Thursday,3,12,False,False,Small,Vegan,2,0.6666666666666666,2,3.0,Low,1,20,7.199999999999999,12.8,False,28.84422110552764,-8.84,False,6.666666666666667,UPI,Online
ORD004,Pizza Hut,"Miami, FL",FL,South,2024-04-10 19:45:00,2024-04-10 20:10:00,April,4,Wednesday,2,19,True,False,XL,Cheese Burst,5,1.111111111111111,20,4.5,Medium,2,25,10.8,14.2,False,29.94845360824742,-4.95,False,5.555555555555555,Cash,Offline
ORD005,Marco's Pizza,"Dallas, TX",TX,South,2024-05-05 13:00:00,2024-05-05 13:20:00,May,5,Sunday,6,13,False,True,Medium,Non-Veg,3,1.5,6,2.0,High,3,20,4.8,15.2,False,30.28645833333333,-10.29,False,10.0,Card,Online
ORD006,Domino's,"New York, NY",NY,Northeast,2024-01-06 19:00:00,2024-01-06 19:20:00,January,1,Saturday,5,19,True,True,Medium,Non-Veg,3,1.0,6,3.0,High,3,20,7.199999999999999,12.8,False,30.25943396226415,-10.26,False,6.666666666666667,Card,Online
ORD007,Papa John's,"Los Angeles, CA",CA,West,2024-01-07 20:15:00,2024-01-07 20:40:00,January,1,Sunday,6,20,True,True,Large,Veg,4,0.8888888888888888,12,4.5,Medium,2,25,10.8,14.2,False,28.18627450980392,-3.19,False,5.555555555555555,UPI,Online
ORD008,Little Caesars,"Chicago, IL",IL,Midwest,2024-01-08 18:30:00,2024-01-08 18:50:00,January,1,Monday,0,18,True,False,Small,Vegan,2,1.0,2,2.0,Low,1,20,4.8,15.2,False,28.84422110552764,-8.84,False,10.0,Cash,Offline
ORD009,Pizza Hut,"Miami, FL",FL,South,2024-01-09 19:45:00,2024-01-09 20:10:00,January,1,Tuesday,1,19,True,False,XL,Cheese Burst,5,1.0,20,5.0,High,3,25,12.0,13.0,False,29.94845360824742,-4.95,False,5.0,Wallet,Online
ORD010,Marco's Pizza,"Dallas, TX",TX,South,2024-01-10 13:00:00,2024-01-10 13:20:00,January,1,Wednesday,2,13,False,False,Medium,Non-Veg,3,0.8571428571428571,6,3.5,Medium,2,20,8.4,11.6,False,30.28645833333333,-10.29,False,5.714285714285714,Card,Online
ORD011,Domino's,"San Francisco, CA",CA,West,2024-01-11 17:30:00,2024-01-11 17:50:00,January,1,Thursday,3,17,False,False,Large,Veg,4,1.0,12,4.0,Low,1,20,9.6,10.4,False,30.25943396226415,-10.26,False,5.0,UPI,Online
ORD012,Papa John's,"Houston, TX",TX,South,2024-01-12 19:00:00,2024-01-12 19:25:00,January,1,Friday,4,19,True,False,Medium,Non-Veg,3,1.0,6,3.0,Medium,2,25,7.199999999999999,17.8,False,28.18627450980392,-3.19,False,8.333333333333334,Cash,Offline
ORD013,Little Caesars,"Phoenix, AZ",AZ,West,2024-01-13 18:15:00,2024-01-13 18:35:00,January,1,Saturday,5,18,True,True,Small,Vegan,2,0.8,2,2.5,High,3,20,6.0,14.0,False,28.84422110552764,-8.84,False,8.0,Wallet,Online
ORD014,Pizza Hut,"Atlanta, GA",GA,South,2024-01-14 20:30:00,2024-01-14 20:55:00,January,1,Sunday,6,20,True,True,XL,Cheese Burst,5,1.25,20,4.0,Low,1,25,9.6,15.4,False,29.94845360824742,-4.95,False,6.25,Card,Online
ORD015,Marco's Pizza,"Seattle, WA",WA,West,2024-01-15 14:00:00,2024-01-15 14:20:00,January,1,Monday,0,14,False,False,Medium,Non-Veg,3,1.0,6,3.0,Medium,2,20,7.199999999999999,12.8,False,30.28645833333333,-10.29,False,6.666666666666667,UPI,Online
ORD016,Domino's,"Denver, CO",CO,West,2024-01-16 19:45:00,2024-01-16 20:10:00,January,1,Tuesday,1,19,True,False,Large,Veg,4,0.8888888888888888,12,4.5,High,3,25,10.8,14.2,False,30.25943396226415,-5.26,False,5.555555555555555,Cash,Offline
ORD017,Papa John's,"Boston, MA",MA,Northeast,2024-01-17 18:30:00,2024-01-17 18:55:00,January,1,Wednesday,2,18,True,False,Small,Vegan,2,1.0,2,2.0,Low,1,25,4.8,20.2,False,28.18627450980392,-3.19,False,12.5,Wallet,Online
ORD018,Little Caesars,"Dallas, TX",TX,South,2024-01-18 20:00:00,2024-01-18 20:20:00,January,1,Thursday,3,20,True,False,Medium,Non-Veg,3,0.8571428571428571,6,3.5,Medium,2,20,8.4,11.6,False,28.84422110552764,-8.84,False,5.714285714285714,Card,Online
ORD019,Pizza Hut,"Los Angeles, CA",CA,West,2024-01-19 19:15:00,2024-01-19 19:40:00,January,1,Friday,4,19,True,False,XL,Cheese Burst,5,1.25,20,4.0,High,3,25,9.6,15.4,False,29.94845360824742,-4.95,False,6.25,UPI,Online
ORD020,Marco's Pizza,"Chicago, IL",IL,Midwest,2024-01-20 13:30:00,2024-01-20 13:50:00,January,1,Saturday,5,13,False,True,Medium,Non-Veg,3,1.0,6,3.0,Low,1,20,7.199999999999999,12.8,False,30.28645833333333,-10.29,False,6.666666666666667,Cash,Offline
ORD021,Domino's,"Miami, FL",FL,South,2024-01-21 18:45:00,2024-01-21 19:10:00,January,1,Sunday,6,18,True,True,Large,Veg,4,0.8888888888888888,12,4.5,Medium,2,25,10.8,14.2,False,30.25943396226415,-5.26,False,5.555555555555555,Wallet,Online
ORD022,Papa John's,"Dallas, TX",TX,South,2024-01-22 20:00:00,2024-01-22 20:25:00,January,1,Monday,0,20,True,False,Small,Vegan,2,1.0,2,2.0,High,3,25,4.8,20.2,False,28.18627450980392,-3.19,False,12.5,Card,Online
ORD023,Little Caesars,"Houston, TX",TX,South,2024-01-23 19:30:00,2024-01-23 19:50:00,January,1,Tuesday,1,19,True,False,Medium,Non-Veg,3,0.8571428571428571,6,3.5,Low,1,20,8.4,11.6,False,28.84422110552764,-8.84,False,5.714285714285714,UPI,Online
ORD024,Pizza Hut,"Phoenix, AZ",AZ,West,2024-01-24 18:15:00,2024-01-24 18:40:00,January,1,Wednesday,2,18,True,False,XL,Cheese Burst,5,1.25,20,4.0,Medium,2,25,9.6,15.4,False,29.94845360824742,-4.95,False,6.25,Cash,Offline
ORD025,Marco's Pizza,"Atlanta, GA",GA,South,2024-01-25 14:30:00,2024-01-25 14:50:00,January,1,Thursday,3,14,False,False,Medium,Non-Veg,3,1.0,6,3.0,High,3,20,7.199999999999999,12.8,False,30.28645833333333,-10.29,False,6.666666666666667,Wallet,Online
ORD026,Domino's,"Seattle, WA",WA,West,2024-01-26 20:00:00,2024-01-26 20:25:00,January,1,Friday,4,20,True,False,Large,Veg,4,0.8888888888888888,12,4.5,Low,1,25,10.8,14.2,False,30.25943396226415,-5.26,False,5.555555555555555,Card,Online
ORD027,Papa John's,"Denver, CO",CO,West,2024-01-27 19:15:00,2024-01-27 19:40:00,January,1,Saturday,5,19,True,True,Small,Vegan,2,1.0,2,2.0,Medium,2,25,4.8,20.2,False,28.18627450980392,-3.19,False,12.5,UPI,Online
ORD028,Little Caesars,"Boston, MA",MA,Northeast,2024-01-28 18:30:00,2024-01-28 18:50:00,January,1,Sunday,6,18,True,True,Medium,Non-Veg,3,0.8571428571428571,6,3.5,High,3,20,8.4,11.6,False,28.84422110552764,-8.84,False,5.714285714285714,Cash,Offline
ORD029,Pizza Hut,"Chicago, IL",IL,Midwest,2024-01-29 20:00:00,2024-01-29 20:25:00,January,1,Monday,0,20,True,False,XL,Cheese Burst,5,1.25,20,4.0,Low,1,25,9.6,15.4,False,29.94845360824742,-4.95,False,6.25,Wallet,Online
ORD030,Marco's Pizza,"Miami, FL",FL,South,2024-01-30 13:15:00,2024-01-30 13:35:00,January,1,Tuesday,1,13,False,False,Medium,Non-Veg,3,1.0,6,3.0,Medium,2,20,7.199999999999999,12.8,False,30.28645833333333,-10.29,False,6.666666666666667,Card,Online
ORD031,Domino's,"Los Angeles, CA",CA,West,2024-02-01 19:45:00,2024-02-01 20:10:00,February,2,Thursday,3,19,True,False,Large,Veg,4,0.8888888888888888,12,4.5,High,3,25,10.8,14.2,False,30.25943396226415,-5.26,False,5.555555555555555,UPI,Online
ORD032,Papa John's,"Phoenix, AZ",AZ,West,2024-02-02 18:00:00,2024-02-02 18:25:00,February,2,Friday,4,18,True,False,Small,Vegan,2,1.0,2,2.0,Low,1,25,4.8,20.2,False,28.18627450980392,-3.19,False,12.5,Cash,Offline
ORD033,Little Caesars,"Atlanta, GA",GA,South,2024-02-03 20:30:00,2024-02-03 20:55:00,February,2,Saturday,5,20,True,True,Medium,Non-Veg,3,0.8571428571428571,6,3.5,Medium,2,25,8.4,16.6,False,28.84422110552764,-3.84,False,7.142857142857143,Wallet,Online
ORD034,Pizza Hut,"Dallas, TX",TX,South,2024-02-04 14:15:00,2024-02-04 14:35:00,February,2,Sunday,6,14,False,True,XL,Cheese Burst,5,1.25,20,4.0,High,3,20,9.6,10.4,False,29.94845360824742,-9.95,False,5.0,Card,Online
ORD035,Marco's Pizza,"Seattle, WA",WA,West,2024-02-05 19:00:00,2024-02-05 19:25:00,February,2,Monday,0,19,True,False,Medium,Non-Veg,3,1.0,6,3.0,Low,1,25,7.199999999999999,17.8,False,30.28645833333333,-5.29,False,8.333333333333334,UPI,Online
ORD036,Domino's,"Houston, TX",TX,South,2024-02-06 18:45:00,2024-02-06 19:10:00,February,2,Tuesday,1,18,True,False,Large,Veg,4,0.8888888888888888,12,4.5,Medium,2,25,10.8,14.2,False,30.25943396226415,-5.26,False,5.555555555555555,Card,Online
ORD037,Papa John's,"Phoenix, AZ",AZ,West,2024-02-07 20:00:00,2024-02-07 20:25:00,February,2,Wednesday,2,20,True,False,Medium,Non-Veg,3,1.0,6,3.0,High,3,25,7.199999999999999,17.8,False,28.18627450980392,-3.19,False,8.333333333333334,UPI,Online
ORD038,Little Caesars,"Atlanta, GA",GA,South,2024-02-08 19:30:00,2024-02-08 19:50:00,February,2,Thursday,3,19,True,False,Small,Vegan,2,0.8,2,2.5,Low,1,20,6.0,14.0,False,28.84422110552764,-8.84,False,8.0,Cash,Offline
ORD039,Pizza Hut,"Dallas, TX",TX,South,2024-02-09 18:15:00,2024-02-09 18:40:00,February,2,Friday,4,18,True,False,XL,Cheese Burst,5,1.25,20,4.0,Medium,2,25,9.6,15.4,False,29.94845360824742,-4.95,False,6.25,Wallet,Online
ORD040,Marco's Pizza,"Seattle, WA",WA,West,2024-02-10 14:30:00,2024-02-10 14:50:00,February,2,Saturday,5,14,False,True,Medium,Non-Veg,3,0.8571428571428571,6,3.5,High,3,20,8.4,11.6,False,30.28645833333333,-10.29,False,5.714285714285714,Card,Online
ORD041,Domino's,"Denver, CO",CO,West,2024-02-11 19:00:00,2024-02-11 19:20:00,February,2,Sunday,6,19,True,True,Large,Veg,4,1.0,12,4.0,Low,1,20,9.6,10.4,False,30.25943396226415,-10.26,False,5.0,UPI,Online
ORD042,Papa John's,"Boston, MA",MA,Northeast,2024-02-12 20:15:00,2024-02-12 20:40:00,February,2,Monday,0,20,True,False,Small,Vegan,2,1.0,2,2.0,Medium,2,25,4.8,20.2,False,28.18627450980392,-3.19,False,12.5,Cash,Offline
ORD043,Little Caesars,"Dallas, TX",TX,South,2024-02-13 18:30:00,2024-02-13 18:50:00,February,2,Tuesday,1,18,True,False,Medium,Non-Veg,3,1.0,6,3.0,High,3,20,7.199999999999999,12.8,False,28.84422110552764,-8.84,False,6.666666666666667,Wallet,Online
ORD044,Pizza Hut,"Los Angeles, CA",CA,West,2024-02-14 19:45:00,2024-02-14 20:10:00,February,2,Wednesday,2,19,True,False,XL,Cheese Burst,5,1.0,20,5.0,Low,1,25,12.0,13.0,False,29.94845360824742,-4.95,False,5.0,Card,Online
ORD045,Marco's Pizza,"Chicago, IL",IL,Midwest,2024-02-15 13:00:00,2024-02-15 13:20:00,February,2,Thursday,3,13,False,False,Medium,Non-Veg,3,0.8571428571428571,6,3.5,Medium,2,20,8.4,11.6,False,30.28645833333333,-10.29,False,5.714285714285714,UPI,Online
ORD046,Domino's,"Miami, FL",FL,South,2024-02-16 18:30:00,2024-02-16 18:50:00,February,2,Friday,4,18,True,False,Large,Veg,4,1.0,12,4.0,High,3,20,9.6,10.4,False,30.25943396226415,-10.26,False,5.0,Cash,Offline
ORD047,Papa John's,"Dallas, TX",TX,South,2024-02-17 20:00:00,2024-02-17 20:25:00,February,2,Saturday,5,20,True,True,Medium,Non-Veg,3,1.0,6,3.0,Low,1,25,7.199999999999999,17.8,False,28.18627450980392,-3.19,False,8.333333333333334,Wallet,Online
ORD048,Little Caesars,"Houston, TX",TX,South,2024-02-18 19:15:00,2024-02-18 19:35:00,February,2,Sunday,6,19,True,True,Small,Vegan,2,0.8,2,2.5,Medium,2,20,6.0,14.0,False,28.84422110552764,-8.84,False,8.0,Card,Online
ORD049,Pizza Hut,"Phoenix, AZ",AZ,West,2024-02-19 20:30:00,2024-02-19 20:55:00,February,2,Monday,0,20,True,False,XL,Cheese Burst,5,1.111111111111111,20,4.5,High,3,25,10.8,14.2,False,29.94845360824742,-4.95,False,5.555555555555555,UPI,Online
ORD050,Marco's Pizza,"Atlanta, GA",GA,South,2024-02-20 14:45:00,2024-02-20 15:05:00,February,2,Tuesday,1,14,False,False,Medium,Non-Veg,3,1.0,6,3.0,Low,1,20,7.199999999999999,12.8,False,30.28645833333333,-10.29,False,6.666666666666667,Cash,Offline
ORD051,Domino's,"Seattle, WA",WA,West,2024-02-21 19:00:00,2024-02-21 19:20:00,February,2,Wednesday,2,19,True,False,Large,Veg,4,1.0,12,4.0,Medium,2,20,9.6,10.4,False,30.25943396226415,-10.26,False,5.0,Wallet,Online
ORD052,Papa John's,"Denver, CO",CO,West,2024-02-22 20:15:00,2024-02-22 20:40:00,February,2,Thursday,3,20,True,False,Small,Vegan,2,1.0,2,2.0,High,3,25,4.8,20.2,False,28.18627450980392,-3.19,False,12.5,Card,Online
ORD053,Little Caesars,"Boston, MA",MA,Northeast,2024-02-23 18:30:00,2024-02-23 18:50:00,February,2,Friday,4,18,True,False,Medium,Non-Veg,3,0.8571428571428571,6,3.5,Low,1,20,8.4,11.6,False,28.84422110552764,-8.84,False,5.714285714285714,UPI,Online
ORD054,Pizza Hut,"Chicago, IL",IL,Midwest,2024-02-24 19:45:00,2024-02-24 20:10:00,February,2,Saturday,5,19,True,True,XL,Cheese Burst,5,1.25,20,4.0,Medium,2,25,9.6,15.4,False,29.94845360824742,-4.95,False,6.25,Cash,Offline
ORD055,Marco's Pizza,"Miami, FL",FL,South,2024-02-25 13:00:00,2024-02-25 13:20:00,February,2,Sunday,6,13,False,True,Medium,Non-Veg,3,1.0,6,3.0,High,3,20,7.199999999999999,12.8,False,30.28645833333333,-10.29,False,6.666666666666667,Wallet,Online
ORD056,Domino's,"Los Angeles, CA",CA,West,2024-02-26 18:30:00,2024-02-26 18:50:00,February,2,Monday,0,18,True,False,Large,Veg,4,0.8888888888888888,12,4.5,Low,1,20,10.8,9.200000000000001,False,30.25943396226415,-10.26,False,4.444444444444445,Card,Online
ORD057,Papa John's,"Phoenix, AZ",AZ,West,2024-02-27 20:00:00,2024-02-27 20:25:00,February,2,Tuesday,1,20,True,False,Medium,Non-Veg,3,1.0,6,3.0,High,3,25,7.199999999999999,17.8,False,28.18627450980392,-3.19,False,8.333333333333334,UPI,Online
ORD058,Little Caesars,"Atlanta, GA",GA,South,2024-02-28 19:15:00,2024-02-28 19:35:00,February,2,Wednesday,2,19,True,False,Small,Vegan,2,0.8,2,2.5,Low,1,20,6.0,14.0,False,28.84422110552764,-8.84,False,8.0,Cash,Offline
ORD059,Pizza Hut,"Dallas, TX",TX,South,2024-02-29 20:30:00,2024-02-29 20:55:00,February,2,Thursday,3,20,True,False,XL,Cheese Burst,5,1.25,20,4.0,Medium,2,25,9.6,15.4,False,29.94845360824742,-4.95,False,6.25,Wallet,Online
ORD060,Marco's Pizza,"Seattle, WA",WA,West,2024-03-01 14:45:00,2024-03-01 15:05:00,March,3,Friday,4,14,False,False,Medium,Non-Veg,3,0.8571428571428571,6,3.5,High,3,20,8.4,11.6,False,30.28645833333333,-10.29,False,5.714285714285714,Card,Online
ORD061,Domino's,"Denver, CO",CO,West,2024-03-02 19:00:00,2024-03-02 19:20:00,March,3,Saturday,5,19,True,True,Large,Veg,4,1.0,12,4.0,Low,1,20,9.6,10.4,False,30.25943396226415,-10.26,False,5.0,UPI,Online
ORD062,Papa John's,"Boston, MA",MA,Northeast,2024-03-03 20:15:00,2024-03-03 20:40:00,March,3,Sunday,6,20,True,True,Small,Vegan,2,1.0,2,2.0,Medium,2,25,4.8,20.2,False,28.18627450980392,-3.19,False,12.5,Cash,Offline
ORD063,Little Caesars,"Dallas, TX",TX,South,2024-03-04 18:30:00,2024-03-04 18:50:00,March,3,Monday,0,18,True,False,Medium,Non-Veg,3,1.0,6,3.0,High,3,20,7.199999999999999,12.8,False,28.84422110552764,-8.84,False,6.666666666666667,Wallet,Online
ORD064,Pizza Hut,"Los Angeles, CA",CA,West,2024-03-05 19:45:00,2024-03-05 20:10:00,March,3,Tuesday,1,19,True,False,XL,Cheese Burst,5,1.111111111111111,20,4.5,Low,1,25,10.8,14.2,False,29.94845360824742,-4.95,False,5.555555555555555,Card,Online
ORD065,Marco's Pizza,"Chicago, IL",IL,Midwest,2024-03-06 13:00:00,2024-03-06 13:20:00,March,3,Wednesday,2,13,False,False,Medium,Non-Veg,3,0.8571428571428571,6,3.5,Low,1,20,8.4,11.6,False,30.28645833333333,-10.29,False,5.714285714285714,Card,Online
ORD066,Domino's,"Miami, FL",FL,South,2024-03-07 18:30:00,2024-03-07 18:50:00,March,3,Thursday,3,18,True,False,Large,Veg,4,1.0,12,4.0,High,3,20,9.6,10.4,False,30.25943396226415,-10.26,False,5.0,Card,Online
ORD067,Papa John's,"Dallas, TX",TX,South,2024-03-08 20:00:00,2024-03-08 20:25:00,March,3,Friday,4,20,True,False,Medium,Non-Veg,3,0.8571428571428571,6,3.5,Medium,2,25,8.4,16.6,False,28.18627450980392,-3.19,False,7.142857142857143,UPI,Online
ORD068,Little Caesars,"Chicago, IL",IL,Midwest,2024-03-09 19:15:00,2024-03-09 19:35:00,March,3,Saturday,5,19,True,True,Small,Vegan,2,0.8,2,2.5,Low,1,20,6.0,14.0,False,28.84422110552764,-8.84,False,8.0,Cash,Offline
ORD069,Pizza Hut,"Phoenix, AZ",AZ,West,2024-03-10 19:45:00,2024-03-10 20:10:00,March,3,Sunday,6,19,True,True,XL,Cheese Burst,5,1.111111111111111,20,4.5,High,3,25,10.8,14.2,False,29.94845360824742,-4.95,False,5.555555555555555,Wallet,Online
ORD070,Marco's Pizza,"Atlanta, GA",GA,South,2024-03-11 13:00:00,2024-03-11 13:20:00,March,3,Monday,0,13,False,False,Medium,Non-Veg,3,1.0,6,3.0,Low,1,20,7.199999999999999,12.8,False,30.28645833333333,-10.29,False,6.666666666666667,Card,Online
ORD071,Domino's,"Seattle, WA",WA,West,2024-03-12 18:30:00,2024-03-12 18:50:00,March,3,Tuesday,1,18,True,False,Large,Veg,4,1.0,12,4.0,Medium,2,20,9.6,10.4,False,30.25943396226415,-10.26,False,5.0,UPI,Online
ORD072,Papa John's,"Denver, CO",CO,West,2024-03-13 20:15:00,2024-03-13 20:40:00,March,3,Wednesday,2,20,True,False,Small,Vegan,2,1.0,2,2.0,High,3,25,4.8,20.2,False,28.18627450980392,-3.19,False,12.5,Cash,Offline
ORD073,Little Caesars,"Boston, MA",MA,Northeast,2024-03-14 18:30:00,2024-03-14 18:50:00,March,3,Thursday,3,18,True,False,Medium,Non-Veg,3,0.8571428571428571,6,3.5,Low,1,20,8.4,11.6,False,28.84422110552764,-8.84,False,5.714285714285714,Wallet,Online
ORD074,Pizza Hut,"Chicago, IL",IL,Midwest,2024-03-15 19:45:00,2024-03-15 20:10:00,March,3,Friday,4,19,True,False,XL,Cheese Burst,5,1.25,20,4.0,Medium,2,25,9.6,15.4,False,29.94845360824742,-4.95,False,6.25,Card,Online
ORD075,Marco's Pizza,"Miami, FL",FL,South,2024-03-16 13:00:00,2024-03-16 13:20:00,March,3,Saturday,5,13,False,True,Medium,Non-Veg,3,1.0,6,3.0,High,3,20,7.199999999999999,12.8,False,30.28645833333333,-10.29,False,6.666666666666667,UPI,Online
ORD076,Domino's,"Los Angeles, CA",CA,West,2024-03-17 18:30:00,2024-03-17 18:50:00,March,3,Sunday,6,18,True,True,Large,Veg,4,0.8888888888888888,12,4.5,Low,1,20,10.8,9.200000000000001,False,30.25943396226415,-10.26,False,4.444444444444445,Cash,Offline
ORD077,Papa John's,"Phoenix, AZ",AZ,West,2024-03-18 20:00:00,2024-03-18 20:25:00,March,3,Monday,0,20,True,False,Medium,Non-Veg,3,1.0,6,3.0,High,3,25,7.199999999999999,17.8,False,28.18627450980392,-3.19,False,8.333333333333334,Wallet,Online
ORD078,Little Caesars,"Atlanta, GA",GA,South,2024-03-19 19:15:00,2024-03-19 19:35:00,March,3,Tuesday,1,19,True,False,Small,Vegan,2,0.8,2,2.5,Low,1,20,6.0,14.0,False,28.84422110552764,-8.84,False,8.0,Card,Online
ORD079,Pizza Hut,"Dallas, TX",TX,South,2024-03-20 19:45:00,2024-03-20 20:10:00,March,3,Wednesday,2,19,True,False,XL,Cheese Burst,5,1.25,20,4.0,Medium,2,25,9.6,15.4,False,29.94845360824742,-4.95,False,6.25,UPI,Online
ORD080,Marco's Pizza,"Seattle, WA",WA,West,2024-03-21 13:00:00,2024-03-21 13:20:00,March,3,Thursday,3,13,False,False,Medium,Non-Veg,3,0.8571428571428571,6,3.5,High,3,20,8.4,11.6,False,30.28645833333333,-10.29,False,5.714285714285714,Cash,Offline
ORD081,Domino's,"Denver, CO",CO,West,2024-03-22 18:30:00,2024-03-22 18:50:00,March,3,Friday,4,18,True,False,Large,Veg,4,1.0,12,4.0,Low,1,20,9.6,10.4,False,30.25943396226415,-10.26,False,5.0,Wallet,Online
ORD082,Papa John's,"Boston, MA",MA,Northeast,2024-03-23 20:15:00,2024-03-23 20:40:00,March,3,Saturday,5,20,True,True,Small,Vegan,2,1.0,2,2.0,High,3,25,4.8,20.2,False,28.18627450980392,-3.19,False,12.5,Card,Online
ORD083,Little Caesars,"Dallas, TX",TX,South,2024-03-24 18:30:00,2024-03-24 18:50:00,March,3,Sunday,6,18,True,True,Medium,Non-Veg,3,1.0,6,3.0,High,3,20,7.199999999999999,12.8,False,28.84422110552764,-8.84,False,6.666666666666667,UPI,Online
ORD084,Pizza Hut,"Los Angeles, CA",CA,West,2024-03-25 19:45:00,2024-03-25 20:10:00,March,3,Monday,0,19,True,False,XL,Cheese Burst,5,1.111111111111111,20,4.5,Low,1,25,10.8,14.2,False,29.94845360824742,-4.95,False,5.555555555555555,Cash,Offline
ORD085,Marco's Pizza,"Chicago, IL",IL,Midwest,2024-03-26 13:00:00,2024-03-26 13:20:00,March,3,Tuesday,1,13,False,False,Medium,Non-Veg,3,0.8571428571428571,6,3.5,Medium,2,20,8.4,11.6,False,30.28645833333333,-10.29,False,5.714285714285714,Wallet,Online
ORD086,Domino's,"Miami, FL",FL,South,2024-03-27 18:30:00,2024-03-27 18:50:00,March,3,Wednesday,2,18,True,False,Large,Veg,4,1.0,12,4.0,High,3,20,9.6,10.4,False,30.25943396226415,-10.26,False,5.0,Card,Online
ORD087,Papa John's,"Dallas, TX",TX,South,2024-03-28 20:00:00,2024-03-28 20:25:00,March,3,Thursday,3,20,True,False,Medium,Non-Veg,3,1.0,6,3.0,Low,1,25,7.199999999999999,17.8,False,28.18627450980392,-3.19,False,8.333333333333334,UPI,Online
ORD088,Little Caesars,"Houston, TX",TX,South,2024-03-29 19:15:00,2024-03-29 19:35:00,March,3,Friday,4,19,True,False,Small,Vegan,2,0.8,2,2.5,Low,1,20,6.0,14.0,False,28.84422110552764,-8.84,False,8.0,Cash,Offline
ORD089,Pizza Hut,"Phoenix, AZ",AZ,West,2024-03-30 19:45:00,2024-03-30 20:10:00,March,3,Saturday,5,19,True,True,XL,Cheese Burst,5,1.111111111111111,20,4.5,High,3,25,10.8,14.2,False,29.94845360824742,-4.95,False,5.555555555555555,Wallet,Online
ORD090,Marco's Pizza,"Atlanta, GA",GA,South,2024-03-31 13:00:00,2024-03-31 13:20:00,March,3,Sunday,6,13,False,True,Medium,Non-Veg,3,1.0,6,3.0,Medium,2,20,7.199999999999999,12.8,False,30.28645833333333,-10.29,False,6.666666666666667,Card,Online
ORD091,Domino's,"Seattle, WA",WA,West,2024-04-01 18:30:00,2024-04-01 18:50:00,April,4,Monday,0,18,True,False,Large,Veg,4,1.0,12,4.0,Low,1,20,9.6,10.4,False,30.25943396226415,-10.26,False,5.0,UPI,Online
ORD092,Papa John's,"Denver, CO",CO,West,2024-04-02 20:15:00,2024-04-02 20:40:00,April,4,Tuesday,1,20,True,False,Small,Vegan,2,1.0,2,2.0,High,3,25,4.8,20.2,False,28.18627450980392,-3.19,False,12.5,Cash,Offline
ORD093,Little Caesars,"Boston, MA",MA,Northeast,2024-04-03 18:30:00,2024-04-03 18:50:00,April,4,Wednesday,2,18,True,False,Medium,Non-Veg,3,0.8571428571428571,6,3.5,Low,1,20,8.4,11.6,False,28.84422110552764,-8.84,False,5.714285714285714,Wallet,Online
ORD094,Pizza Hut,"Chicago, IL",IL,Midwest,2024-04-04 19:45:00,2024-04-04 20:10:00,April,4,Thursday,3,19,True,False,XL,Cheese Burst,5,1.25,20,4.0,Medium,2,25,9.6,15.4,False,29.94845360824742,-4.95,False,6.25,Card,Online
ORD095,Marco's Pizza,"Miami, FL",FL,South,2024-04-05 13:00:00,2024-04-05 13:20:00,April,4,Friday,4,13,False,False,Medium,Non-Veg,3,1.0,6,3.0,High,3,20,7.199999999999999,12.8,False,30.28645833333333,-10.29,False,6.666666666666667,UPI,Online
ORD096,Domino's,"Los Angeles, CA",CA,West,2024-04-06 18:30:00,2024-04-06 18:50:00,April,4,Saturday,5,18,True,True,Large,Veg,4,0.8888888888888888,12,4.5,High,3,20,10.8,9.200000000000001,False,30.25943396226415,-10.26,False,4.444444444444445,Card,Online
ORD097,Papa John's,"Dallas, TX",TX,South,2024-04-07 20:00:00,2024-04-07 20:25:00,April,4,Sunday,6,20,True,True,Medium,Non-Veg,3,1.0,6,3.0,Medium,2,25,7.199999999999999,17.8,False,28.18627450980392,-3.19,False,8.333333333333334,UPI,Online
ORD098,Little Caesars,"Chicago, IL",IL,Midwest,2024-04-08 19:15:00,2024-04-08 19:35:00,April,4,Monday,0,19,True,False,Small,Vegan,2,0.8,2,2.5,Low,1,20,6.0,14.0,False,28.84422110552764,-8.84,False,8.0,Cash,Offline
ORD099,Pizza Hut,"Phoenix, AZ",AZ,West,2024-04-09 19:45:00,2024-04-09 20:10:00,April,4,Tuesday,1,19,True,False,XL,Cheese Burst,5,1.25,20,4.0,High,3,25,9.6,15.4,False,29.94845360824742,-4.95,False,6.25,Wallet,Online
ORD100,Marco's Pizza,"Atlanta, GA",GA,South,2024-04-10 13:00:00,2024-04-10 13:20:00,April,4,Wednesday,2,13,False,False,Medium,Non-Veg,3,0.8571428571428571,6,3.5,Low,1,20,8.4,11.6,False,30.28645833333333,-10.29,False,5.714285714285714,Card,Online
ORD101,Domino's,"Seattle, WA",WA,West,2024-04-11 18:30:00,2024-04-11 18:50:00,April,4,Thursday,3,18,True,False,Large,Veg,4,0.8888888888888888,12,4.5,Medium,2,20,10.8,9.200000000000001,False,30.25943396226415,-10.26,False,4.444444444444445,UPI,Online
ORD102,Papa John's,"Denver, CO",CO,West,2024-04-12 20:15:00,2024-04-12 20:40:00,April,4,Friday,4,20,True,False,Small,Vegan,2,1.0,2,2.0,High,3,25,4.8,20.2,False,28.18627450980392,-3.19,False,12.5,Cash,Offline
ORD103,Little Caesars,"Boston, MA",MA,Northeast,2024-04-13 18:30:00,2024-04-13 18:50:00,April,4,Saturday,5,18,True,True,Medium,Non-Veg,3,0.8571428571428571,6,3.5,Low,1,20,8.4,11.6,False,28.84422110552764,-8.84,False,5.714285714285714,Wallet,Online
ORD104,Pizza Hut,"Chicago, IL",IL,Midwest,2024-04-14 19:45:00,2024-04-14 20:10:00,April,4,Sunday,6,19,True,True,XL,Cheese Burst,5,1.25,20,4.0,Medium,2,25,9.6,15.4,False,29.94845360824742,-4.95,False,6.25,Card,Online
ORD105,Marco's Pizza,"Miami, FL",FL,South,2024-04-15 13:00:00,2024-04-15 13:20:00,April,4,Monday,0,13,False,False,Medium,Non-Veg,3,1.0,6,3.0,High,3,20,7.199999999999999,12.8,False,30.28645833333333,-10.29,False,6.666666666666667,UPI,Online
ORD106,Domino's,"Los Angeles, CA",CA,West,2024-04-16 18:30:00,2024-04-16 18:50:00,April,4,Tuesday,1,18,True,False,Large,Veg,4,0.8888888888888888,12,4.5,Low,1,20,10.8,9.200000000000001,False,30.25943396226415,-10.26,False,4.444444444444445,Cash,Offline
ORD107,Papa John's,"Phoenix, AZ",AZ,West,2024-04-17 20:00:00,2024-04-17 20:25:00,April,4,Wednesday,2,20,True,False,Medium,Non-Veg,3,1.0,6,3.0,High,3,25,7.199999999999999,17.8,False,28.18627450980392,-3.19,False,8.333333333333334,Wallet,Online
ORD108,Little Caesars,"Atlanta, GA",GA,South,2024-04-18 19:15:00,2024-04-18 19:35:00,April,4,Thursday,3,19,True,False,Small,Vegan,2,0.8,2,2.5,Low,1,20,6.0,14.0,False,28.84422110552764,-8.84,False,8.0,Card,Online
ORD109,Pizza Hut,"Dallas, TX",TX,South,2024-04-19 19:45:00,2024-04-19 20:10:00,April,4,Friday,4,19,True,False,XL,Cheese Burst,5,1.25,20,4.0,Medium,2,25,9.6,15.4,False,29.94845360824742,-4.95,False,6.25,UPI,Online
ORD110,Marco's Pizza,"Seattle, WA",WA,West,2024-04-20 13:00:00,2024-04-20 13:20:00,April,4,Saturday,5,13,False,True,Medium,Non-Veg,3,0.8571428571428571,6,3.5,High,3,20,8.4,11.6,False,30.28645833333333,-10.29,False,5.714285714285714,Cash,Offline
ORD111,Domino's,"Denver, CO",CO,West,2024-04-21 18:30:00,2024-04-21 18:50:00,April,4,Sunday,6,18,True,True,Large,Veg,4,0.8888888888888888,12,4.5,Low,1,20,10.8,9.200000000000001,False,30.25943396226415,-10.26,False,4.444444444444445,Wallet,Online
ORD112,Papa John's,"Boston, MA",MA,Northeast,2024-04-22 20:15:00,2024-04-22 20:40:00,April,4,Monday,0,20,True,False,Small,Vegan,2,1.0,2,2.0,High,3,25,4.8,20.2,False,28.18627450980392,-3.19,False,12.5,Card,Online
ORD113,Little Caesars,"Dallas, TX",TX,South,2024-04-23 18:30:00,2024-04-23 18:50:00,April,4,Tuesday,1,18,True,False,Medium,Non-Veg,3,1.0,6,3.0,High,3,20,7.199999999999999,12.8,False,28.84422110552764,-8.84,False,6.666666666666667,UPI,Online
ORD114,Pizza Hut,"Los Angeles, CA",CA,West,2024-04-24 19:45:00,2024-04-24 20:10:00,April,4,Wednesday,2,19,True,False,XL,Cheese Burst,5,1.111111111111111,20,4.5,Low,1,25,10.8,14.2,False,29.94845360824742,-4.95,False,5.555555555555555,Cash,Offline
ORD115,Marco's Pizza,"Chicago, IL",IL,Midwest,2024-04-25 13:00:00,2024-04-25 13:20:00,April,4,Thursday,3,13,False,False,Medium,Non-Veg,3,0.8571428571428571,6,3.5,Medium,2,20,8.4,11.6,False,30.28645833333333,-10.29,False,5.714285714285714,Wallet,Online
ORD116,Domino's,"Miami, FL",FL,South,2024-04-26 18:30:00,2024-04-26 18:50:00,April,4,Friday,4,18,True,False,Large,Veg,4,1.0,12,4.0,High,3,20,9.6,10.4,False,30.25943396226415,-10.26,False,5.0,Card,Online
ORD117,Papa John's,"Dallas, TX",TX,South,2024-04-27 20:00:00,2024-04-27 20:25:00,April,4,Saturday,5,20,True,True,Medium,Non-Veg,3,1.0,6,3.0,Low,1,25,7.199999999999999,17.8,False,28.18627450980392,-3.19,False,8.333333333333334,UPI,Online
ORD118,Little Caesars,"Houston, TX",TX,South,2024-04-28 19:15:00,2024-04-28 19:35:00,April,4,Sunday,6,19,True,True,Small,Vegan,2,0.8,2,2.5,Low,1,20,6.0,14.0,False,28.84422110552764,-8.84,False,8.0,Cash,Offline
ORD119,Pizza Hut,"Phoenix, AZ",AZ,West,2024-04-29 19:45:00,2024-04-29 20:10:00,April,4,Monday,0,19,True,False,XL,Cheese Burst,5,1.111111111111111,20,4.5,High,3,25,10.8,14.2,False,29.94845360824742,-4.95,False,5.555555555555555,Wallet,Online
ORD120,Marco's Pizza,"Atlanta, GA",GA,South,2024-04-30 13:00:00,2024-04-30 13:20:00,April,4,Tuesday,1,13,False,False,Medium,Non-Veg,3,1.0,6,3.0,Medium,2,20,7.199999999999999,12.8,False,30.28645833333333,-10.29,False,6.666666666666667,Card,Online
ORD121,Domino's,"Seattle, WA",WA,West,2024-05-01 18:30:00,2024-05-01 18:50:00,May,5,Wednesday,2,18,True,False,Large,Veg,4,0.8888888888888888,12,4.5,Low,1,20,10.8,9.200000000000001,False,30.25943396226415,-10.26,False,4.444444444444445,UPI,Online
ORD122,Papa John's,"Denver, CO",CO,West,2024-05-02 20:15:00,2024-05-02 20:40:00,May,5,Thursday,3,20,True,False,Small,Vegan,2,1.0,2,2.0,High,3,25,4.8,20.2,False,28.18627450980392,-3.19,False,12.5,Cash,Offline
ORD123,Little Caesars,"Boston, MA",MA,Northeast,2024-05-03 18:30:00,2024-05-03 18:50:00,May,5,Friday,4,18,True,False,Medium,Non-Veg,3,0.8571428571428571,6,3.5,Low,1,20,8.4,11.6,False,28.84422110552764,-8.84,False,5.714285714285714,Wallet,Online
ORD124,Pizza Hut,"Chicago, IL",IL,Midwest,2024-05-04 19:45:00,2024-05-04 20:10:00,May,5,Saturday,5,19,True,True,XL,Cheese Burst,5,1.25,20,4.0,Medium,2,25,9.6,15.4,False,29.94845360824742,-4.95,False,6.25,Card,Online
ORD125,Marco's Pizza,"Miami, FL",FL,South,2024-05-05 13:00:00,2024-05-05 13:20:00,May,5,Sunday,6,13,False,True,Medium,Non-Veg,3,1.0,6,3.0,High,3,20,7.199999999999999,12.8,False,30.28645833333333,-10.29,False,6.666666666666667,UPI,Online
ORD126,Domino's,"New York, NY",NY,Northeast,2024-08-01 18:00:00,2024-08-01 18:20:00,August,8,Thursday,3,18,True,False,Medium,Veg,2,0.6666666666666666,4,3.0,Low,1,20,7.199999999999999,12.8,False,30.25943396226415,-10.26,False,6.666666666666667,Card,Online
ORD127,Papa John's,"Chicago, IL",IL,Midwest,2024-08-02 19:15:00,2024-08-02 19:45:00,August,8,Friday,4,19,True,False,Large,Non-Veg,4,0.6666666666666666,12,6.0,Medium,2,30,14.4,15.6,False,28.18627450980392,1.81,True,5.0,UPI,Online
ORD128,Pizza Hut,"Los Angeles, CA",CA,West,2024-08-03 20:30:00,2024-08-03 21:10:00,August,8,Saturday,5,20,True,True,XL,Cheese Burst,5,0.625,20,8.0,High,3,40,19.2,20.8,True,29.94845360824742,10.05,True,5.0,Wallet,Online
ORD129,Little Caesars,"Houston, TX",TX,South,2024-08-04 18:45:00,2024-08-04 19:05:00,August,8,Sunday,6,18,True,True,Small,Vegan,1,0.4,1,2.5,Low,1,20,6.0,14.0,False,28.84422110552764,-8.84,False,8.0,Cash,Offline
ORD130,Marco's Pizza,"Phoenix, AZ",AZ,West,2024-08-05 19:00:00,2024-08-05 19:50:00,August,8,Monday,0,19,True,False,Large,Non-Veg,4,0.4,12,10.0,High,3,50,24.0,26.0,True,30.28645833333333,19.71,True,5.0,Card,Online
ORD131,Domino's,"Miami, FL",FL,South,2024-08-06 20:00:00,2024-08-06 20:35:00,August,8,Tuesday,1,20,True,False,Medium,Veg,3,0.5454545454545454,6,5.5,Medium,2,35,13.2,21.8,True,30.25943396226415,4.74,True,6.363636363636363,Wallet,Online
ORD132,Papa John's,"Denver, CO",CO,West,2024-08-07 18:30:00,2024-08-07 18:50:00,August,8,Wednesday,2,18,True,False,Small,Vegan,2,1.0,2,2.0,Low,1,20,4.8,15.2,False,28.18627450980392,-8.19,False,10.0,UPI,Online
ORD133,Pizza Hut,"Boston, MA",MA,Northeast,2024-08-08 19:45:00,2024-08-08 20:25:00,August,8,Thursday,3,19,True,False,XL,Cheese Burst,5,0.6666666666666666,20,7.5,High,3,40,18.0,22.0,True,29.94845360824742,10.05,True,5.333333333333333,Cash,Offline
ORD134,Little Caesars,"Dallas, TX",TX,South,2024-08-09 18:00:00,2024-08-09 18:30:00,August,8,Friday,4,18,True,False,Medium,Non-Veg,3,0.75,6,4.0,Medium,2,30,9.6,20.4,False,28.84422110552764,1.16,True,7.5,Card,Online
ORD135,Marco's Pizza,"Seattle, WA",WA,West,2024-08-10 20:15:00,2024-08-10 21:00:00,August,8,Saturday,5,20,True,True,Large,Veg,4,0.4444444444444444,12,9.0,High,3,45,21.6,23.4,True,30.28645833333333,14.71,True,5.0,Wallet,Online
ORD136,Domino's,"San Jose, CA",CA,West,2024-08-11 18:00:00,2024-08-11 18:20:00,August,8,Sunday,6,18,True,True,Medium,Veg,2,0.6666666666666666,4,3.0,Low,1,20,7.199999999999999,12.8,False,30.25943396226415,-10.26,False,6.666666666666667,UPI,Online
ORD137,Papa John's,"Austin, TX",TX,South,2024-08-12 19:15:00,2024-08-12 19:45:00,August,8,Monday,0,19,True,False,Large,Non-Veg,4,0.6666666666666666,12,6.0,Medium,2,30,14.4,15.6,False,28.18627450980392,1.81,True,5.0,Cash,Offline
ORD138,Pizza Hut,"San Diego, CA",CA,West,2024-08-13 20:30:00,2024-08-13 21:10:00,August,8,Tuesday,1,20,True,False,XL,Cheese Burst,5,0.625,20,8.0,High,3,40,19.2,20.8,True,29.94845360824742,10.05,True,5.0,Card,Online
ORD139,Little Caesars,"Jacksonville, FL",FL,South,2024-08-14 18:45:00,2024-08-14 19:05:00,August,8,Wednesday,2,18,True,False,Small,Vegan,1,0.4,1,2.5,Low,1,20,6.0,14.0,False,28.84422110552764,-8.84,False,8.0,Wallet,Online
ORD140,Marco's Pizza,"Fort Worth, TX",TX,South,2024-08-15 19:00:00,2024-08-15 19:50:00,August,8,Thursday,3,19,True,False,Large,Non-Veg,4,0.4,12,10.0,High,3,50,24.0,26.0,True,30.28645833333333,19.71,True,5.0,UPI,Online
ORD141,Domino's,"Columbus, OH",OH,Midwest,2024-08-16 20:00:00,2024-08-16 20:35:00,August,8,Friday,4,20,True,False,Medium,Veg,3,0.5454545454545454,6,5.5,Medium,2,35,13.2,21.8,True,30.25943396226415,4.74,True,6.363636363636363,Cash,Offline
ORD142,Papa John's,"Charlotte, NC",NC,South,2024-08-17 18:30:00,2024-08-17 18:50:00,August,8,Saturday,5,18,True,True,Small,Vegan,2,1.0,2,2.0,Low,1,20,4.8,15.2,False,28.18627450980392,-8.19,False,10.0,Card,Online
ORD143,Pizza Hut,"Indianapolis, IN",IN,Midwest,2024-08-18 19:45:00,2024-08-18 20:25:00,August,8,Sunday,6,19,True,True,XL,Cheese Burst,5,0.6666666666666666,20,7.5,High,3,40,18.0,22.0,True,29.94845360824742,10.05,True,5.333333333333333,Wallet,Online
ORD144,Little Caesars,"San Francisco, CA",CA,West,2024-08-19 18:00:00,2024-08-19 18:30:00,August,8,Monday,0,18,True,False,Medium,Non-Veg,3,0.75,6,4.0,Medium,2,30,9.6,20.4,False,28.84422110552764,1.16,True,7.5,UPI,Online
ORD145,Marco's Pizza,"Charlotte, NC",NC,South,2024-08-20 20:15:00,2024-08-20 21:00:00,August,8,Tuesday,1,20,True,False,Large,Veg,4,0.4444444444444444,12,9.0,High,3,45,21.6,23.4,True,30.28645833333333,14.71,True,5.0,Cash,Offline
ORD146,Domino's,"Detroit, MI",MI,Midwest,2024-08-21 18:00:00,2024-08-21 18:20:00,August,8,Wednesday,2,18,True,False,Medium,Veg,2,0.6666666666666666,4,3.0,Low,1,20,7.199999999999999,12.8,False,30.25943396226415,-10.26,False,6.666666666666667,Card,Online
ORD147,Papa John's,"El Paso, TX",TX,South,2024-08-22 19:15:00,2024-08-22 19:45:00,August,8,Thursday,3,19,True,False,Large,Non-Veg,4,0.6666666666666666,12,6.0,Medium,2,30,14.4,15.6,False,28.18627450980392,1.81,True,5.0,Wallet,Online
ORD148,Pizza Hut,"Memphis, TN",TN,South,2024-08-23 20:30:00,2024-08-23 21:10:00,August,8,Friday,4,20,True,False,XL,Cheese Burst,5,0.625,20,8.0,High,3,40,19.2,20.8,True,29.94845360824742,10.05,True,5.0,UPI,Online
ORD149,Little Caesars,"Baltimore, MD",MD,South,2024-08-24 18:45:00,2024-08-24 19:05:00,August,8,Saturday,5,18,True,True,Small,Vegan,1,0.4,1,2.5,Low,1,20,6.0,14.0,False,28.84422110552764,-8.84,False,8.0,Cash,Offline
ORD150,Marco's Pizza,"Boston, MA",MA,Northeast,2024-08-25 19:00:00,2024-08-25 19:50:00,August,8,Sunday,6,19,True,True,Large,Non-Veg,4,0.4,12,10.0,High,3,50,24.0,26.0,True,30.28645833333333,19.71,True,5.0,Card,Online
ORD151,Domino's,"New York, NY",NY,Northeast,2024-08-01 18:00:00,2024-08-01 18:30:00,August,8,Thursday,3,18,True,False,Large,Veg,4,0.7272727272727273,12,5.5,High,3,30,13.2,16.8,False,30.25943396226415,-0.26,False,5.454545454545454,Domino's Cash,Offline
ORD152,Pizza Hut,"Los Angeles, CA",CA,West,2024-08-02 19:15:00,2024-08-02 19:45:00,August,8,Friday,4,19,True,False,XL,Cheese Burst,5,0.8333333333333334,20,6.0,Medium,2,30,14.4,15.6,False,29.94845360824742,0.05,True,5.0,Card,Online
ORD153,Papa John's,"Chicago, IL",IL,Midwest,2024-08-03 20:00:00,2024-08-03 20:35:00,August,8,Saturday,5,20,True,True,Medium,Non-Veg,3,0.4166666666666666,6,7.2,Low,1,35,17.28,17.72,True,28.18627450980392,6.81,True,4.861111111111111,UPI,Online
ORD154,Little Caesars,"Houston, TX",TX,South,2024-08-04 17:45:00,2024-08-04 18:05:00,August,8,Sunday,6,17,False,True,Small,Vegan,2,0.6666666666666666,2,3.0,Low,1,20,7.199999999999999,12.8,False,28.84422110552764,-8.84,False,6.666666666666667,Wallet,Online
ORD155,Marco's Pizza,"Phoenix, AZ",AZ,West,2024-08-05 13:30:00,2024-08-05 14:00:00,August,8,Monday,0,13,False,False,Medium,Non-Veg,4,0.8,8,5.0,High,3,30,12.0,18.0,False,30.28645833333333,-0.29,False,6.0,Cash,Offline
ORD156,Domino's,"Miami, FL",FL,South,2024-08-06 18:20:00,2024-08-06 18:50:00,August,8,Tuesday,1,18,True,False,Large,Veg,3,0.4615384615384616,9,6.5,Medium,2,30,15.6,14.4,False,30.25943396226415,-0.26,False,4.615384615384615,Domino's Cash,Offline
ORD157,Papa John's,"Denver, CO",CO,West,2024-08-07 20:10:00,2024-08-07 20:45:00,August,8,Wednesday,2,20,True,False,Small,Vegan,2,0.5,2,4.0,High,3,35,9.6,25.4,True,28.18627450980392,6.81,True,8.75,Card,Online
ORD158,Little Caesars,"Boston, MA",MA,Northeast,2024-08-08 18:00:00,2024-08-08 18:25:00,August,8,Thursday,3,18,True,False,Medium,Non-Veg,3,0.8571428571428571,6,3.5,Low,1,25,8.4,16.6,False,28.84422110552764,-3.84,False,7.142857142857143,UPI,Online
ORD159,Pizza Hut,"Dallas, TX",TX,South,2024-08-09 19:30:00,2024-08-09 20:00:00,August,8,Friday,4,19,True,False,XL,Cheese Burst,5,0.8333333333333334,20,6.0,Medium,2,30,14.4,15.6,False,29.94845360824742,0.05,True,5.0,Wallet,Online
ORD160,Marco's Pizza,"Seattle, WA",WA,West,2024-08-10 12:45:00,2024-08-10 13:15:00,August,8,Saturday,5,12,False,True,Medium,Non-Veg,4,0.7272727272727273,8,5.5,High,3,30,13.2,16.8,False,30.28645833333333,-0.29,False,5.454545454545454,Cash,Offline
ORD161,Domino's,"Denver, CO",CO,West,2024-08-11 18:15:00,2024-08-11 18:45:00,August,8,Sunday,6,18,True,True,Large,Veg,3,0.5,9,6.0,Medium,2,30,14.4,15.6,False,30.25943396226415,-0.26,False,5.0,Domino's Cash,Offline
ORD162,Papa John's,"Boston, MA",MA,Northeast,2024-08-12 20:00:00,2024-08-12 20:30:00,August,8,Monday,0,20,True,False,Small,Vegan,2,0.4444444444444444,2,4.5,Low,1,30,10.8,19.2,False,28.18627450980392,1.81,True,6.666666666666667,Card,Online
ORD163,Little Caesars,"Dallas, TX",TX,South,2024-08-13 18:10:00,2024-08-13 18:35:00,August,8,Tuesday,1,18,True,False,Medium,Non-Veg,3,1.0,6,3.0,High,3,25,7.199999999999999,17.8,False,28.84422110552764,-3.84,False,8.333333333333334,UPI,Online
ORD164,Pizza Hut,"Los Angeles, CA",CA,West,2024-08-14 19:20:00,2024-08-14 19:50:00,August,8,Wednesday,2,19,True,False,XL,Cheese Burst,5,0.7692307692307693,20,6.5,Medium,2,30,15.6,14.4,False,29.94845360824742,0.05,True,4.615384615384615,Wallet,Online
ORD165,Marco's Pizza,"Chicago, IL",IL,Midwest,2024-08-15 13:15:00,2024-08-15 13:45:00,August,8,Thursday,3,13,False,False,Medium,Non-Veg,4,0.8,8,5.0,High,3,30,12.0,18.0,False,30.28645833333333,-0.29,False,6.0,Cash,Offline
ORD166,Domino's,"Miami, FL",FL,South,2024-08-16 18:25:00,2024-08-16 18:55:00,August,8,Friday,4,18,True,False,Large,Veg,3,0.5,9,6.0,Medium,2,30,14.4,15.6,False,30.25943396226415,-0.26,False,5.0,Domino's Cash,Offline
ORD167,Papa John's,"Denver, CO",CO,West,2024-08-17 20:05:00,2024-08-17 20:35:00,August,8,Saturday,5,20,True,True,Small,Vegan,2,0.5,2,4.0,Low,1,30,9.6,20.4,False,28.18627450980392,1.81,True,7.5,Card,Online
ORD168,Little Caesars,"Boston, MA",MA,Northeast,2024-08-18 18:00:00,2024-08-18 18:25:00,August,8,Sunday,6,18,True,True,Medium,Non-Veg,3,0.8571428571428571,6,3.5,High,3,25,8.4,16.6,False,28.84422110552764,-3.84,False,7.142857142857143,UPI,Online
ORD169,Pizza Hut,"Dallas, TX",TX,South,2024-08-19 19:30:00,2024-08-19 20:00:00,August,8,Monday,0,19,True,False,XL,Cheese Burst,5,0.8333333333333334,20,6.0,Medium,2,30,14.4,15.6,False,29.94845360824742,0.05,True,5.0,Wallet,Online
ORD170,Marco's Pizza,"Seattle, WA",WA,West,2024-08-20 13:00:00,2024-08-20 13:30:00,August,8,Tuesday,1,13,False,False,Medium,Non-Veg,4,0.7272727272727273,8,5.5,Low,1,30,13.2,16.8,False,30.28645833333333,-0.29,False,5.454545454545454,Cash,Offline
ORD171,Domino's,"Denver, CO",CO,West,2024-08-21 18:15:00,2024-08-21 18:45:00,August,8,Wednesday,2,18,True,False,Large,Veg,3,0.5,9,6.0,High,3,30,14.4,15.6,False,30.25943396226415,-0.26,False,5.0,Domino's Cash,Offline
ORD172,Papa John's,"Boston, MA",MA,Northeast,2024-08-22 20:00:00,2024-08-22 20:30:00,August,8,Thursday,3,20,True,False,Small,Vegan,2,0.4444444444444444,2,4.5,Medium,2,30,10.8,19.2,False,28.18627450980392,1.81,True,6.666666666666667,Card,Online
ORD173,Little Caesars,"Dallas, TX",TX,South,2024-08-23 18:10:00,2024-08-23 18:35:00,August,8,Friday,4,18,True,False,Medium,Non-Veg,3,1.0,6,3.0,Low,1,25,7.199999999999999,17.8,False,28.84422110552764,-3.84,False,8.333333333333334,UPI,Online
ORD174,Pizza Hut,"Los Angeles, CA",CA,West,2024-08-24 19:20:00,2024-08-24 19:50:00,August,8,Saturday,5,19,True,True,XL,Cheese Burst,5,0.7692307692307693,20,6.5,High,3,30,15.6,14.4,False,29.94845360824742,0.05,True,4.615384615384615,Wallet,Online
ORD175,Marco's Pizza,"Atlanta, GA",GA,South,2024-06-20 13:00:00,2024-06-20 13:20:00,June,6,Thursday,3,13,False,False,Medium,Non-Veg,3,1.0,6,3.0,Medium,2,20,7.199999999999999,12.8,False,30.28645833333333,-10.29,False,6.666666666666667,Card,Online
ORD176,Domino's,"Denver, CO",CO,West,2024-06-21 18:30:00,2024-06-21 18:50:00,June,6,Friday,4,18,True,False,Large,Veg,4,0.8888888888888888,12,4.5,Low,1,20,10.8,9.200000000000001,False,30.25943396226415,-10.26,False,4.444444444444445,UPI,Online
ORD177,Papa John's,"Boston, MA",MA,Northeast,2024-06-22 20:15:00,2024-06-22 20:40:00,June,6,Saturday,5,20,True,True,Small,Vegan,2,1.0,2,2.0,High,3,25,4.8,20.2,False,28.18627450980392,-3.19,False,12.5,Cash,Offline
ORD178,Little Caesars,"Dallas, TX",TX,South,2024-06-23 18:30:00,2024-06-23 18:50:00,June,6,Sunday,6,18,True,True,Medium,Non-Veg,3,1.0,6,3.0,High,3,20,7.199999999999999,12.8,False,28.84422110552764,-8.84,False,6.666666666666667,UPI,Online
ORD179,Pizza Hut,"Los Angeles, CA",CA,West,2024-06-24 19:45:00,2024-06-24 20:10:00,June,6,Monday,0,19,True,False,XL,Cheese Burst,5,1.111111111111111,20,4.5,Low,1,25,10.8,14.2,False,29.94845360824742,-4.95,False,5.555555555555555,Cash,Offline
ORD180,Marco's Pizza,"Chicago, IL",IL,Midwest,2024-06-25 13:00:00,2024-06-25 13:20:00,June,6,Tuesday,1,13,False,False,Medium,Non-Veg,3,0.8571428571428571,6,3.5,Medium,2,20,8.4,11.6,False,30.28645833333333,-10.29,False,5.714285714285714,Wallet,Online
ORD181,Domino's,"Miami, FL",FL,South,2024-06-26 18:30:00,2024-06-26 18:55:00,June,6,Wednesday,2,18,True,False,Large,Veg,4,0.8888888888888888,12,4.5,High,3,25,10.8,14.2,False,30.25943396226415,-5.26,False,5.555555555555555,Card,Online
ORD182,Papa John's,"Phoenix, AZ",AZ,West,2024-06-27 20:00:00,2024-06-27 20:25:00,June,6,Thursday,3,20,True,False,Medium,Non-Veg,3,1.0,6,3.0,Medium,2,25,7.199999999999999,17.8,False,28.18627450980392,-3.19,False,8.333333333333334,UPI,Online
ORD183,Little Caesars,"Atlanta, GA",GA,South,2024-06-28 19:15:00,2024-06-28 19:35:00,June,6,Friday,4,19,True,False,Small,Vegan,2,0.8,2,2.5,Low,1,20,6.0,14.0,False,28.84422110552764,-8.84,False,8.0,Cash,Offline
ORD184,Pizza Hut,"Chicago, IL",IL,Midwest,2024-06-29 19:45:00,2024-06-29 20:10:00,June,6,Saturday,5,19,True,True,XL,Cheese Burst,5,1.25,20,4.0,High,3,25,9.6,15.4,False,29.94845360824742,-4.95,False,6.25,Wallet,Online
ORD185,Marco's Pizza,"Miami, FL",FL,South,2024-06-30 13:00:00,2024-06-30 13:20:00,June,6,Sunday,6,13,False,True,Medium,Non-Veg,3,0.8571428571428571,6,3.5,Low,1,20,8.4,11.6,False,30.28645833333333,-10.29,False,5.714285714285714,Card,Online
ORD186,Domino's,"Los Angeles, CA",CA,West,2024-07-01 18:30:00,2024-07-01 18:50:00,July,7,Monday,0,18,True,False,Large,Veg,4,0.8888888888888888,12,4.5,Medium,2,20,10.8,9.200000000000001,False,30.25943396226415,-10.26,False,4.444444444444445,UPI,Online
ORD187,Papa John's,"Denver, CO",CO,West,2024-07-02 20:15:00,2024-07-02 20:40:00,July,7,Tuesday,1,20,True,False,Small,Vegan,2,1.0,2,2.0,High,3,25,4.8,20.2,False,28.18627450980392,-3.19,False,12.5,Cash,Offline
ORD188,Little Caesars,"Boston, MA",MA,Northeast,2024-07-03 18:30:00,2024-07-03 18:50:00,July,7,Wednesday,2,18,True,False,Medium,Non-Veg,3,0.8571428571428571,6,3.5,Low,1,20,8.4,11.6,False,28.84422110552764,-8.84,False,5.714285714285714,Wallet,Online
ORD189,Pizza Hut,"Dallas, TX",TX,South,2024-07-04 19:45:00,2024-07-04 20:10:00,July,7,Thursday,3,19,True,False,XL,Cheese Burst,5,1.25,20,4.0,Medium,2,25,9.6,15.4,False,29.94845360824742,-4.95,False,6.25,Card,Online
ORD190,Marco's Pizza,"Seattle, WA",WA,West,2024-07-05 13:00:00,2024-07-05 13:20:00,July,7,Friday,4,13,False,False,Medium,Non-Veg,3,0.8571428571428571,6,3.5,High,3,20,8.4,11.6,False,30.28645833333333,-10.29,False,5.714285714285714,UPI,Online
ORD191,Domino's,"Denver, CO",CO,West,2024-07-06 18:30:00,2024-07-06 18:50:00,July,7,Saturday,5,18,True,True,Large,Veg,4,0.8888888888888888,12,4.5,Low,1,20,10.8,9.200000000000001,False,30.25943396226415,-10.26,False,4.444444444444445,Cash,Offline
ORD192,Papa John's,"Boston, MA",MA,Northeast,2024-07-07 20:15:00,2024-07-07 20:40:00,July,7,Sunday,6,20,True,True,Small,Vegan,2,1.0,2,2.0,High,3,25,4.8,20.2,False,28.18627450980392,-3.19,False,12.5,Wallet,Online
ORD193,Little Caesars,"Dallas, TX",TX,South,2024-07-08 18:30:00,2024-07-08 18:50:00,July,7,Monday,0,18,True,False,Medium,Non-Veg,3,1.0,6,3.0,High,3,20,7.199999999999999,12.8,False,28.84422110552764,-8.84,False,6.666666666666667,UPI,Online
ORD194,Pizza Hut,"Los Angeles, CA",CA,West,2024-07-09 19:45:00,2024-07-09 20:10:00,July,7,Tuesday,1,19,True,False,XL,Cheese Burst,5,1.111111111111111,20,4.5,Low,1,25,10.8,14.2,False,29.94845360824742,-4.95,False,5.555555555555555,Cash,Offline
ORD195,Marco's Pizza,"Chicago, IL",IL,Midwest,2024-07-10 13:00:00,2024-07-10 13:20:00,July,7,Wednesday,2,13,False,False,Medium,Non-Veg,3,0.8571428571428571,6,3.5,Medium,2,20,8.4,11.6,False,30.28645833333333,-10.29,False,5.714285714285714,Wallet,Online
ORD196,Domino's,"Miami, FL",FL,South,2024-07-11 18:30:00,2024-07-11 18:50:00,July,7,Thursday,3,18,True,False,Large,Veg,4,1.0,12,4.0,High,3,20,9.6,10.4,False,30.25943396226415,-10.26,False,5.0,Card,Online
ORD197,Papa John's,"Dallas, TX",TX,South,2024-07-12 20:00:00,2024-07-12 20:25:00,July,7,Friday,4,20,True,False,Medium,Non-Veg,3,1.0,6,3.0,Low,1,25,7.199999999999999,17.8,False,28.18627450980392,-3.19,False,8.333333333333334,UPI,Online
ORD198,Little Caesars,"Houston, TX",TX,South,2024-07-13 19:15:00,2024-07-13 19:35:00,July,7,Saturday,5,19,True,True,Small,Vegan,2,0.8,2,2.5,Low,1,20,6.0,14.0,False,28.84422110552764,-8.84,False,8.0,Cash,Offline
ORD199,Pizza Hut,"Phoenix, AZ",AZ,West,2024-07-14 19:45:00,2024-07-14 20:10:00,July,7,Sunday,6,19,True,True,XL,Cheese Burst,5,1.111111111111111,20,4.5,High,3,25,10.8,14.2,False,29.94845360824742,-4.95,False,5.555555555555555,Wallet,Online
ORD200,Marco's Pizza,"Atlanta, GA",GA,South,2024-07-15 13:00:00,2024-07-15 13:20:00,July,7,Monday,0,13,False,False,Medium,Non-Veg,3,1.0,6,3.0,Medium,2,20,7.199999999999999,12.8,False,30.28645833333333,-10.29,False,6.666666666666667,Card,Online
ORD201,Domino's,"New York, NY",NY,Northeast,2024-07-16 18:30:00,2024-07-16 18:55:00,July,7,Tuesday,1,18,True,False,Large,Veg,3,0.6,9,5.0,High,3,25,12.0,13.0,False,30.25943396226415,-5.26,False,5.0,Card,Online
ORD202,Papa John's,"Los Angeles, CA",CA,West,2024-07-17 19:00:00,2024-07-17 19:30:00,July,7,Wednesday,2,19,True,False,Medium,Non-Veg,4,1.142857142857143,8,3.5,Medium,2,30,8.4,21.6,False,28.18627450980392,1.81,True,8.571428571428571,UPI,Online
ORD203,Little Caesars,"Chicago, IL",IL,Midwest,2024-07-18 20:15:00,2024-07-18 20:40:00,July,7,Thursday,3,20,True,False,Small,Vegan,2,0.5,2,4.0,Low,1,25,9.6,15.4,False,28.84422110552764,-3.84,False,6.25,Cash,Offline
ORD204,Pizza Hut,"Houston, TX",TX,South,2024-07-19 19:45:00,2024-07-19 20:10:00,July,7,Friday,4,19,True,False,XL,Cheese Burst,5,0.8333333333333334,20,6.0,High,3,25,14.4,10.6,False,29.94845360824742,-4.95,False,4.166666666666667,Wallet,Online
ORD205,Marco's Pizza,"Phoenix, AZ",AZ,West,2024-07-20 13:00:00,2024-07-20 13:25:00,July,7,Saturday,5,13,False,True,Medium,Non-Veg,3,1.0,6,3.0,Low,1,25,7.199999999999999,17.8,False,30.28645833333333,-5.29,False,8.333333333333334,Card,Online
ORD206,Domino's,"Miami, FL",FL,South,2024-07-21 18:30:00,2024-07-21 18:55:00,July,7,Sunday,6,18,True,True,Large,Veg,4,0.8,12,5.0,High,3,25,12.0,13.0,False,30.25943396226415,-5.26,False,5.0,UPI,Online
ORD207,Papa John's,"Denver, CO",CO,West,2024-07-22 20:15:00,2024-07-22 20:40:00,July,7,Monday,0,20,True,False,Small,Vegan,2,0.8,2,2.5,Medium,2,25,6.0,19.0,False,28.18627450980392,-3.19,False,10.0,Cash,Offline
ORD208,Little Caesars,"Boston, MA",MA,Northeast,2024-07-23 18:30:00,2024-07-23 18:50:00,July,7,Tuesday,1,18,True,False,Medium,Non-Veg,3,0.8571428571428571,6,3.5,Low,1,20,8.4,11.6,False,28.84422110552764,-8.84,False,5.714285714285714,Wallet,Online
ORD209,Pizza Hut,"Dallas, TX",TX,South,2024-07-24 19:45:00,2024-07-24 20:10:00,July,7,Wednesday,2,19,True,False,XL,Cheese Burst,5,1.25,20,4.0,High,3,25,9.6,15.4,False,29.94845360824742,-4.95,False,6.25,Card,Online
ORD210,Marco's Pizza,"Seattle, WA",WA,West,2024-07-25 13:00:00,2024-07-25 13:20:00,July,7,Thursday,3,13,False,False,Medium,Non-Veg,3,0.8571428571428571,6,3.5,Low,1,20,8.4,11.6,False,30.28645833333333,-10.29,False,5.714285714285714,UPI,Online
ORD211,Domino's,"Denver, CO",CO,West,2024-07-26 18:30:00,2024-07-26 18:50:00,July,7,Friday,4,18,True,False,Large,Veg,4,0.8888888888888888,12,4.5,Medium,2,20,10.8,9.200000000000001,False,30.25943396226415,-10.26,False,4.444444444444445,Cash,Offline
ORD212,Papa John's,"Boston, MA",MA,Northeast,2024-07-27 20:15:00,2024-07-27 20:40:00,July,7,Saturday,5,20,True,True,Small,Vegan,2,1.0,2,2.0,High,3,25,4.8,20.2,False,28.18627450980392,-3.19,False,12.5,Wallet,Online
ORD213,Little Caesars,"Dallas, TX",TX,South,2024-07-28 18:30:00,2024-07-28 18:50:00,July,7,Sunday,6,18,True,True,Medium,Non-Veg,3,1.0,6,3.0,High,3,20,7.199999999999999,12.8,False,28.84422110552764,-8.84,False,6.666666666666667,UPI,Online
ORD214,Pizza Hut,"Los Angeles, CA",CA,West,2024-07-29 19:45:00,2024-07-29 20:10:00,July,7,Monday,0,19,True,False,XL,Cheese Burst,5,1.111111111111111,20,4.5,Low,1,25,10.8,14.2,False,29.94845360824742,-4.95,False,5.555555555555555,Cash,Offline
ORD215,Marco's Pizza,"Chicago, IL",IL,Midwest,2024-07-30 13:00:00,2024-07-30 13:20:00,July,7,Tuesday,1,13,False,False,Medium,Non-Veg,3,0.8571428571428571,6,3.5,Medium,2,20,8.4,11.6,False,30.28645833333333,-10.29,False,5.714285714285714,Wallet,Online
ORD216,Domino's,"Miami, FL",FL,South,2024-07-31 18:30:00,2024-07-31 18:50:00,July,7,Wednesday,2,18,True,False,Large,Veg,4,1.0,12,4.0,High,3,20,9.6,10.4,False,30.25943396226415,-10.26,False,5.0,Card,Online
ORD217,Papa John's,"Dallas, TX",TX,South,2024-08-01 20:00:00,2024-08-01 20:25:00,August,8,Thursday,3,20,True,False,Medium,Non-Veg,3,1.0,6,3.0,Low,1,25,7.199999999999999,17.8,False,28.18627450980392,-3.19,False,8.333333333333334,UPI,Online
ORD218,Little Caesars,"Houston, TX",TX,South,2024-08-02 19:15:00,2024-08-02 19:35:00,August,8,Friday,4,19,True,False,Small,Vegan,2,0.8,2,2.5,Low,1,20,6.0,14.0,False,28.84422110552764,-8.84,False,8.0,Cash,Offline
ORD219,Pizza Hut,"Phoenix, AZ",AZ,West,2024-08-03 19:45:00,2024-08-03 20:10:00,August,8,Saturday,5,19,True,True,XL,Cheese Burst,5,1.111111111111111,20,4.5,High,3,25,10.8,14.2,False,29.94845360824742,-4.95,False,5.555555555555555,Wallet,Online
ORD220,Marco's Pizza,"Atlanta, GA",GA,South,2024-08-04 13:00:00,2024-08-04 13:20:00,August,8,Sunday,6,13,False,True,Medium,Non-Veg,3,1.0,6,3.0,Medium,2,20,7.199999999999999,12.8,False,30.28645833333333,-10.29,False,6.666666666666667,Card,Online
ORD221,Domino's,"New York, NY",NY,Northeast,2024-08-05 18:30:00,2024-08-05 18:55:00,August,8,Monday,0,18,True,False,Large,Veg,3,0.6,9,5.0,High,3,25,12.0,13.0,False,30.25943396226415,-5.26,False,5.0,Card,Online
ORD222,Papa John's,"Los Angeles, CA",CA,West,2024-08-06 19:00:00,2024-08-06 19:30:00,August,8,Tuesday,1,19,True,False,Medium,Non-Veg,4,1.142857142857143,8,3.5,Medium,2,30,8.4,21.6,False,28.18627450980392,1.81,True,8.571428571428571,UPI,Online
ORD223,Little Caesars,"Chicago, IL",IL,Midwest,2024-08-07 20:15:00,2024-08-07 20:40:00,August,8,Wednesday,2,20,True,False,Small,Vegan,2,0.5,2,4.0,Low,1,25,9.6,15.4,False,28.84422110552764,-3.84,False,6.25,Cash,Offline
ORD224,Pizza Hut,"Houston, TX",TX,South,2024-08-08 19:45:00,2024-08-08 20:10:00,August,8,Thursday,3,19,True,False,XL,Cheese Burst,5,0.8333333333333334,20,6.0,High,3,25,14.4,10.6,False,29.94845360824742,-4.95,False,4.166666666666667,Wallet,Online
ORD225,Marco's Pizza,"Phoenix, AZ",AZ,West,2024-08-09 13:00:00,2024-08-09 13:25:00,August,8,Friday,4,13,False,False,Medium,Non-Veg,3,1.0,6,3.0,Low,1,25,7.199999999999999,17.8,False,30.28645833333333,-5.29,False,8.333333333333334,Card,Online
ORD226,Domino's,"Miami, FL",FL,South,2024-08-10 18:30:00,2024-08-10 18:55:00,August,8,Saturday,5,18,True,True,Large,Veg,4,0.8,12,5.0,High,3,25,12.0,13.0,False,30.25943396226415,-5.26,False,5.0,UPI,Online
ORD227,Papa John's,"Denver, CO",CO,West,2024-08-11 20:15:00,2024-08-11 20:40:00,August,8,Sunday,6,20,True,True,Small,Vegan,2,0.8,2,2.5,Medium,2,25,6.0,19.0,False,28.18627450980392,-3.19,False,10.0,Cash,Offline
ORD228,Little Caesars,"Boston, MA",MA,Northeast,2024-08-12 18:30:00,2024-08-12 18:50:00,August,8,Monday,0,18,True,False,Medium,Non-Veg,3,0.8571428571428571,6,3.5,Low,1,20,8.4,11.6,False,28.84422110552764,-8.84,False,5.714285714285714,Wallet,Online
ORD229,Pizza Hut,"Los Angeles, CA",CA,West,2024-08-13 19:45:00,2024-08-13 20:10:00,August,8,Tuesday,1,19,True,False,XL,Cheese Burst,5,1.111111111111111,20,4.5,Low,1,25,10.8,14.2,False,29.94845360824742,-4.95,False,5.555555555555555,Cash,Offline
ORD230,Domino's,"New York, NY",NY,Northeast,2024-08-14 18:30:00,2024-08-14 19:05:00,August,8,Wednesday,2,18,True,False,Large,Veg,3,0.6,9,5.0,High,3,35,12.0,23.0,True,30.25943396226415,4.74,True,7.0,UPI,Online
ORD231,Papa John's,"Chicago, IL",IL,Midwest,2024-08-15 20:15:00,2024-08-15 20:40:00,August,8,Thursday,3,20,True,False,Medium,Non-Veg,4,1.142857142857143,8,3.5,Medium,2,25,8.4,16.6,False,28.18627450980392,-3.19,False,7.142857142857143,Card,Online
ORD232,Little Caesars,"Houston, TX",TX,South,2024-08-16 19:00:00,2024-08-16 19:20:00,August,8,Friday,4,19,True,False,Small,Vegan,2,1.0,2,2.0,Low,1,20,4.8,15.2,False,28.84422110552764,-8.84,False,10.0,Wallet,Online
ORD233,Marco's Pizza,"Phoenix, AZ",AZ,West,2024-08-17 13:00:00,2024-08-17 13:30:00,August,8,Saturday,5,13,False,True,Medium,Non-Veg,3,1.0,6,3.0,High,3,30,7.199999999999999,22.8,False,30.28645833333333,-0.29,False,10.0,UPI,Online
ORD234,Domino's,"Miami, FL",FL,South,2024-08-18 18:30:00,2024-08-18 19:10:00,August,8,Sunday,6,18,True,True,Large,Veg,4,0.8,12,5.0,High,3,40,12.0,28.0,True,30.25943396226415,9.74,True,8.0,Card,Online
ORD235,Papa John's,"Denver, CO",CO,West,2024-08-19 20:15:00,2024-08-19 20:35:00,August,8,Monday,0,20,True,False,Small,Vegan,2,0.8,2,2.5,Medium,2,20,6.0,14.0,False,28.18627450980392,-8.19,False,8.0,Cash,Offline
ORD236,Little Caesars,"Boston, MA",MA,Northeast,2024-08-20 18:30:00,2024-08-20 18:50:00,August,8,Tuesday,1,18,True,False,Medium,Non-Veg,3,0.8571428571428571,6,3.5,Low,1,20,8.4,11.6,False,28.84422110552764,-8.84,False,5.714285714285714,Wallet,Online
ORD237,Pizza Hut,"Dallas, TX",TX,South,2024-08-21 19:45:00,2024-08-21 20:15:00,August,8,Wednesday,2,19,True,False,XL,Cheese Burst,5,1.25,20,4.0,High,3,30,9.6,20.4,False,29.94845360824742,0.05,True,7.5,Card,Online
ORD238,Marco's Pizza,"Seattle, WA",WA,West,2024-08-22 13:00:00,2024-08-22 13:25:00,August,8,Thursday,3,13,False,False,Medium,Non-Veg,3,0.8571428571428571,6,3.5,Low,1,25,8.4,16.6,False,30.28645833333333,-5.29,False,7.142857142857143,UPI,Online
ORD239,Domino's,"Denver, CO",CO,West,2024-08-23 18:30:00,2024-08-23 18:50:00,August,8,Friday,4,18,True,False,Large,Veg,4,0.8888888888888888,12,4.5,Medium,2,20,10.8,9.200000000000001,False,30.25943396226415,-10.26,False,4.444444444444445,Cash,Offline
ORD240,Papa John's,"Boston, MA",MA,Northeast,2024-08-24 20:15:00,2024-08-24 20:40:00,August,8,Saturday,5,20,True,True,Small,Vegan,2,1.0,2,2.0,High,3,25,4.8,20.2,False,28.18627450980392,-3.19,False,12.5,Wallet,Online
ORD241,Little Caesars,"Dallas, TX",TX,South,2024-08-25 18:30:00,2024-08-25 18:50:00,August,8,Sunday,6,18,True,True,Medium,Non-Veg,3,1.0,6,3.0,High,3,20,7.199999999999999,12.8,False,28.84422110552764,-8.84,False,6.666666666666667,UPI,Online
ORD242,Pizza Hut,"Los Angeles, CA",CA,West,2024-08-26 19:45:00,2024-08-26 20:10:00,August,8,Monday,0,19,True,False,XL,Cheese Burst,5,1.111111111111111,20,4.5,Low,1,25,10.8,14.2,False,29.94845360824742,-4.95,False,5.555555555555555,Cash,Offline
ORD243,Marco's Pizza,"Chicago, IL",IL,Midwest,2024-08-27 13:00:00,2024-08-27 13:20:00,August,8,Tuesday,1,13,False,False,Medium,Non-Veg,3,0.8571428571428571,6,3.5,Medium,2,20,8.4,11.6,False,30.28645833333333,-10.29,False,5.714285714285714,Wallet,Online
ORD244,Domino's,"Miami, FL",FL,South,2024-08-28 18:30:00,2024-08-28 18:55:00,August,8,Wednesday,2,18,True,False,Large,Veg,4,0.8,12,5.0,High,3,25,12.0,13.0,False,30.25943396226415,-5.26,False,5.0,Card,Online
ORD245,Papa John's,"Denver, CO",CO,West,2024-08-29 20:15:00,2024-08-29 20:40:00,August,8,Thursday,3,20,True,False,Small,Vegan,2,0.8,2,2.5,Medium,2,25,6.0,19.0,False,28.18627450980392,-3.19,False,10.0,Cash,Offline
ORD246,Little Caesars,"Boston, MA",MA,Northeast,2024-08-30 18:30:00,2024-08-30 18:50:00,August,8,Friday,4,18,True,False,Medium,Non-Veg,3,0.8571428571428571,6,3.5,Low,1,20,8.4,11.6,False,28.84422110552764,-8.84,False,5.714285714285714,Wallet,Online
ORD247,Pizza Hut,"Dallas, TX",TX,South,2024-08-31 19:45:00,2024-08-31 20:10:00,August,8,Saturday,5,19,True,True,XL,Cheese Burst,5,1.25,20,4.0,High,3,25,9.6,15.4,False,29.94845360824742,-4.95,False,6.25,Card,Online
ORD248,Marco's Pizza,"Seattle, WA",WA,West,2024-09-01 13:00:00,2024-09-01 13:20:00,September,9,Sunday,6,13,False,True,Medium,Non-Veg,3,0.8571428571428571,6,3.5,Low,1,20,8.4,11.6,False,30.28645833333333,-10.29,False,5.714285714285714,UPI,Online
ORD249,Domino's,"Denver, CO",CO,West,2024-09-02 18:30:00,2024-09-02 18:50:00,September,9,Monday,0,18,True,False,Large,Veg,4,0.8888888888888888,12,4.5,Medium,2,20,10.8,9.200000000000001,False,30.25943396226415,-10.26,False,4.444444444444445,Cash,Offline
ORD250,Papa John's,"Boston, MA",MA,Northeast,2024-09-03 20:15:00,2024-09-03 20:40:00,September,9,Tuesday,1,20,True,False,Small,Vegan,2,1.0,2,2.0,High,3,25,4.8,20.2,False,28.18627450980392,-3.19,False,12.5,Wallet,Online
ORD251,Little Caesars,"Dallas, TX",TX,South,2024-09-04 18:30:00,2024-09-04 18:50:00,September,9,Wednesday,2,18,True,False,Medium,Non-Veg,3,1.0,6,3.0,High,3,20,7.199999999999999,12.8,False,28.84422110552764,-8.84,False,6.666666666666667,UPI,Online
ORD252,Pizza Hut,"Los Angeles, CA",CA,West,2024-09-05 19:45:00,2024-09-05 20:10:00,September,9,Thursday,3,19,True,False,XL,Cheese Burst,5,1.111111111111111,20,4.5,Low,1,25,10.8,14.2,False,29.94845360824742,-4.95,False,5.555555555555555,Cash,Offline
ORD253,Marco's Pizza,"Chicago, IL",IL,Midwest,2024-09-06 13:00:00,2024-09-06 13:20:00,September,9,Friday,4,13,False,False,Medium,Non-Veg,3,0.8571428571428571,6,3.5,Medium,2,20,8.4,11.6,False,30.28645833333333,-10.29,False,5.714285714285714,Wallet,Online
ORD254,Domino's,"Miami, FL",FL,South,2024-09-07 18:30:00,2024-09-07 18:55:00,September,9,Saturday,5,18,True,True,Large,Veg,4,0.8,12,5.0,High,3,25,12.0,13.0,False,30.25943396226415,-5.26,False,5.0,Card,Online
ORD255,Papa John's,"Denver, CO",CO,West,2024-09-08 20:15:00,2024-09-08 20:40:00,September,9,Sunday,6,20,True,True,Small,Vegan,2,0.8,2,2.5,Medium,2,25,6.0,19.0,False,28.18627450980392,-3.19,False,10.0,Cash,Offline
ORD256,Little Caesars,"Boston, MA",MA,Northeast,2024-09-09 18:30:00,2024-09-09 18:50:00,September,9,Monday,0,18,True,False,Medium,Non-Veg,3,0.8571428571428571,6,3.5,Low,1,20,8.4,11.6,False,28.84422110552764,-8.84,False,5.714285714285714,Wallet,Online
ORD257,Domino's,"San Francisco, CA",CA,West,2024-09-10 18:00:00,2024-09-10 18:25:00,September,9,Tuesday,1,18,True,False,Large,Veg,3,0.6,9,5.0,High,3,25,12.0,13.0,False,30.25943396226415,-5.26,False,5.0,Cash,Offline
ORD258,Domino's,"Austin, TX",TX,South,2024-09-11 19:15:00,2024-09-11 19:35:00,September,9,Wednesday,2,19,True,False,Medium,Non-Veg,2,0.5714285714285714,4,3.5,Medium,2,20,8.4,11.6,False,30.25943396226415,-10.26,False,5.714285714285714,Card,Online
ORD259,Domino's,"Seattle, WA",WA,West,2024-09-12 20:30:00,2024-09-12 20:50:00,September,9,Thursday,3,20,True,False,Small,Vegan,1,0.4,1,2.5,Low,1,20,6.0,14.0,False,30.25943396226415,-10.26,False,8.0,Wallet,Online
ORD260,Domino's,"Chicago, IL",IL,Midwest,2024-09-13 18:45:00,2024-09-13 19:10:00,September,9,Friday,4,18,True,False,XL,Cheese Burst,5,1.111111111111111,20,4.5,High,3,25,10.8,14.2,False,30.25943396226415,-5.26,False,5.555555555555555,UPI,Online
ORD261,Domino's,"Miami, FL",FL,South,2024-09-14 19:00:00,2024-09-14 19:20:00,September,9,Saturday,5,19,True,True,Medium,Non-Veg,3,1.0,6,3.0,Medium,2,20,7.199999999999999,12.8,False,30.25943396226415,-10.26,False,6.666666666666667,Cash,Offline
ORD262,Domino's,"Denver, CO",CO,West,2024-09-15 20:00:00,2024-09-15 20:25:00,September,9,Sunday,6,20,True,True,Large,Veg,4,0.8,12,5.0,High,3,25,12.0,13.0,False,30.25943396226415,-5.26,False,5.0,Card,Online
ORD263,Domino's,"Boston, MA",MA,Northeast,2024-09-16 18:30:00,2024-09-16 18:50:00,September,9,Monday,0,18,True,False,Small,Vegan,2,1.0,2,2.0,Low,1,20,4.8,15.2,False,30.25943396226415,-10.26,False,10.0,Wallet,Online
ORD264,Domino's,"Dallas, TX",TX,South,2024-09-17 19:45:00,2024-09-17 20:10:00,September,9,Tuesday,1,19,True,False,XL,Cheese Burst,5,1.111111111111111,20,4.5,Medium,2,25,10.8,14.2,False,30.25943396226415,-5.26,False,5.555555555555555,UPI,Online
ORD265,Domino's,"Los Angeles, CA",CA,West,2024-09-18 18:00:00,2024-09-18 18:20:00,September,9,Wednesday,2,18,True,False,Medium,Non-Veg,3,0.8571428571428571,6,3.5,High,3,20,8.4,11.6,False,30.25943396226415,-10.26,False,5.714285714285714,Cash,Offline
ORD266,Domino's,"New York, NY",NY,Northeast,2024-09-19 20:15:00,2024-09-19 20:40:00,September,9,Thursday,3,20,True,False,Large,Veg,4,0.8,12,5.0,High,3,25,12.0,13.0,False,30.25943396226415,-5.26,False,5.0,Card,Online
ORD267,Domino's,"San Jose, CA",CA,West,2024-09-10 18:00:00,2024-09-10 18:20:00,September,9,Tuesday,1,18,True,False,Medium,Veg,2,0.6666666666666666,4,3.0,Low,1,20,7.199999999999999,12.8,False,30.25943396226415,-10.26,False,6.666666666666667,Cash,Offline
ORD268,Papa John's,"Austin, TX",TX,South,2024-09-11 19:15:00,2024-09-11 19:45:00,September,9,Wednesday,2,19,True,False,Large,Non-Veg,4,0.6666666666666666,12,6.0,Medium,2,30,14.4,15.6,False,28.18627450980392,1.81,True,5.0,Card,Online
ORD269,Pizza Hut,"Seattle, WA",WA,West,2024-09-12 20:30:00,2024-09-12 21:10:00,September,9,Thursday,3,20,True,False,XL,Cheese Burst,5,0.625,20,8.0,High,3,40,19.2,20.8,True,29.94845360824742,10.05,True,5.0,Wallet,Online
ORD270,Little Caesars,"Chicago, IL",IL,Midwest,2024-09-13 18:45:00,2024-09-13 19:05:00,September,9,Friday,4,18,True,False,Small,Vegan,1,0.4,1,2.5,Low,1,20,6.0,14.0,False,28.84422110552764,-8.84,False,8.0,UPI,Online
ORD271,Marco's Pizza,"Miami, FL",FL,South,2024-09-14 19:00:00,2024-09-14 19:50:00,September,9,Saturday,5,19,True,True,Large,Non-Veg,4,0.4,12,10.0,High,3,50,24.0,26.0,True,30.28645833333333,19.71,True,5.0,Cash,Offline
ORD272,Domino's,"Denver, CO",CO,West,2024-09-15 20:00:00,2024-09-15 20:35:00,September,9,Sunday,6,20,True,True,Medium,Veg,3,0.5454545454545454,6,5.5,Medium,2,35,13.2,21.8,True,30.25943396226415,4.74,True,6.363636363636363,Card,Online
ORD273,Papa John's,"Boston, MA",MA,Northeast,2024-09-16 18:30:00,2024-09-16 18:50:00,September,9,Monday,0,18,True,False,Small,Vegan,2,1.0,2,2.0,Low,1,20,4.8,15.2,False,28.18627450980392,-8.19,False,10.0,Wallet,Online
ORD274,Pizza Hut,"Dallas, TX",TX,South,2024-09-17 19:45:00,2024-09-17 20:25:00,September,9,Tuesday,1,19,True,False,XL,Cheese Burst,5,0.6666666666666666,20,7.5,High,3,40,18.0,22.0,True,29.94845360824742,10.05,True,5.333333333333333,UPI,Online
ORD275,Little Caesars,"Los Angeles, CA",CA,West,2024-09-18 18:00:00,2024-09-18 18:30:00,September,9,Wednesday,2,18,True,False,Medium,Non-Veg,3,0.75,6,4.0,Medium,2,30,9.6,20.4,False,28.84422110552764,1.16,True,7.5,Cash,Offline
ORD276,Marco's Pizza,"New York, NY",NY,Northeast,2024-09-19 20:15:00,2024-09-19 21:00:00,September,9,Thursday,3,20,True,False,Large,Veg,4,0.4444444444444444,12,9.0,High,3,45,21.6,23.4,True,30.28645833333333,14.71,True,5.0,Card,Online
ORD278,Domino's,"New York, NY",NY,Northeast,2024-09-15 18:45:00,2024-09-15 19:10:00,September,9,Sunday,6,18,True,True,Large,Veg,3,0.6,9,5.0,High,3,25,12.0,13.0,False,30.25943396226415,-5.26,False,5.0,Domino's Cash,Offline
ORD279,Pizza Hut,"Los Angeles, CA",CA,West,2024-09-16 20:00:00,2024-09-16 20:30:00,September,9,Monday,0,20,True,False,XL,Cheese Burst,5,0.7692307692307693,20,6.5,Medium,2,30,15.6,14.4,False,29.94845360824742,0.05,True,4.615384615384615,Card,Online
ORD280,Papa John's,"Chicago, IL",IL,Midwest,2024-09-17 19:15:00,2024-09-17 19:35:00,September,9,Tuesday,1,19,True,False,Medium,Non-Veg,4,1.0,8,4.0,Low,1,20,9.6,10.4,False,28.18627450980392,-8.19,False,5.0,UPI,Online
ORD281,Little Caesars,"Houston, TX",TX,South,2024-09-18 18:30:00,2024-09-18 19:05:00,September,9,Wednesday,2,18,True,False,Small,Vegan,2,0.2666666666666667,2,7.5,High,3,35,18.0,17.0,True,28.84422110552764,6.16,True,4.666666666666667,Wallet,Online
ORD282,Marco's Pizza,"Phoenix, AZ",AZ,West,2024-09-19 13:00:00,2024-09-19 13:20:00,September,9,Thursday,3,13,False,False,Medium,Non-Veg,3,0.8571428571428571,6,3.5,Low,1,20,8.4,11.6,False,30.28645833333333,-10.29,False,5.714285714285714,Card,Online
ORD283,Domino's,"Miami, FL",FL,South,2024-09-20 18:45:00,2024-09-20 19:15:00,September,9,Friday,4,18,True,False,Large,Veg,4,0.6666666666666666,12,6.0,Medium,2,30,14.4,15.6,False,30.25943396226415,-0.26,False,5.0,Domino's Cash,Offline
ORD284,Pizza Hut,"Denver, CO",CO,West,2024-09-21 20:15:00,2024-09-21 20:40:00,September,9,Saturday,5,20,True,True,XL,Cheese Burst,5,1.0,20,5.0,Low,1,25,12.0,13.0,False,29.94845360824742,-4.95,False,5.0,UPI,Online
ORD285,Papa John's,"Boston, MA",MA,Northeast,2024-09-22 19:30:00,2024-09-22 19:55:00,September,9,Sunday,6,19,True,True,Small,Vegan,2,0.5,2,4.0,High,3,25,9.6,15.4,False,28.18627450980392,-3.19,False,6.25,Wallet,Online
ORD286,Little Caesars,"Dallas, TX",TX,South,2024-09-23 18:00:00,2024-09-23 18:20:00,September,9,Monday,0,18,True,False,Medium,Non-Veg,3,1.0,6,3.0,Medium,2,20,7.199999999999999,12.8,False,28.84422110552764,-8.84,False,6.666666666666667,Card,Online
ORD287,Marco's Pizza,"Seattle, WA",WA,West,2024-09-24 13:15:00,2024-09-24 13:45:00,September,9,Tuesday,1,13,False,False,Medium,Non-Veg,3,0.5,6,6.0,High,3,30,14.4,15.6,False,30.28645833333333,-0.29,False,5.0,UPI,Online
ORD288,Domino's,"New York, NY",NY,Northeast,2024-09-25 18:30:00,2024-09-25 19:00:00,September,9,Wednesday,2,18,True,False,Large,Veg,4,0.7272727272727273,12,5.5,High,3,30,13.2,16.8,False,30.25943396226415,-0.26,False,5.454545454545454,Domino's Cash,Offline
ORD289,Pizza Hut,"Los Angeles, CA",CA,West,2024-09-26 19:45:00,2024-09-26 20:10:00,September,9,Thursday,3,19,True,False,XL,Cheese Burst,5,1.111111111111111,20,4.5,Low,1,25,10.8,14.2,False,29.94845360824742,-4.95,False,5.555555555555555,Cash,Offline
ORD290,Papa John's,"Chicago, IL",IL,Midwest,2024-09-27 20:15:00,2024-09-27 20:40:00,September,9,Friday,4,20,True,False,Medium,Non-Veg,4,1.142857142857143,8,3.5,Medium,2,25,8.4,16.6,False,28.18627450980392,-3.19,False,7.142857142857143,Card,Online
ORD291,Little Caesars,"Houston, TX",TX,South,2024-09-28 18:30:00,2024-09-28 18:50:00,September,9,Saturday,5,18,True,True,Small,Vegan,2,1.0,2,2.0,Low,1,20,4.8,15.2,False,28.84422110552764,-8.84,False,10.0,Wallet,Online
ORD292,Marco's Pizza,"Phoenix, AZ",AZ,West,2024-09-29 13:00:00,2024-09-29 13:20:00,September,9,Sunday,6,13,False,True,Medium,Non-Veg,3,1.0,6,3.0,Low,1,20,7.199999999999999,12.8,False,30.28645833333333,-10.29,False,6.666666666666667,UPI,Online
ORD293,Domino's,"Miami, FL",FL,South,2024-09-30 18:30:00,2024-09-30 18:55:00,September,9,Monday,0,18,True,False,Large,Veg,4,0.8,12,5.0,High,3,25,12.0,13.0,False,30.25943396226415,-5.26,False,5.0,Domino's Cash,Offline
ORD294,Pizza Hut,"Denver, CO",CO,West,2024-10-01 19:45:00,2024-10-01 20:10:00,October,10,Tuesday,1,19,True,False,XL,Cheese Burst,5,1.25,20,4.0,High,3,25,9.6,15.4,False,29.94845360824742,-4.95,False,6.25,Card,Online
ORD295,Papa John's,"Boston, MA",MA,Northeast,2024-10-02 20:15:00,2024-10-02 20:40:00,October,10,Wednesday,2,20,True,False,Small,Vegan,2,0.8,2,2.5,Medium,2,25,6.0,19.0,False,28.18627450980392,-3.19,False,10.0,Wallet,Online
ORD296,Little Caesars,"Dallas, TX",TX,South,2024-10-03 18:30:00,2024-10-03 18:50:00,October,10,Thursday,3,18,True,False,Medium,Non-Veg,3,0.8571428571428571,6,3.5,Low,1,20,8.4,11.6,False,28.84422110552764,-8.84,False,5.714285714285714,UPI,Online
ORD297,Marco's Pizza,"Seattle, WA",WA,West,2024-10-04 13:00:00,2024-10-04 13:20:00,October,10,Friday,4,13,False,False,Medium,Non-Veg,3,0.8571428571428571,6,3.5,Low,1,20,8.4,11.6,False,30.28645833333333,-10.29,False,5.714285714285714,Card,Online
ORD298,Domino's,"New York, NY",NY,Northeast,2024-10-05 18:30:00,2024-10-05 18:55:00,October,10,Saturday,5,18,True,True,Large,Veg,4,0.8,12,5.0,High,3,25,12.0,13.0,False,30.25943396226415,-5.26,False,5.0,Domino's Cash,Offline
ORD299,Pizza Hut,"Los Angeles, CA",CA,West,2024-10-06 19:45:00,2024-10-06 20:10:00,October,10,Sunday,6,19,True,True,XL,Cheese Burst,5,1.111111111111111,20,4.5,Low,1,25,10.8,14.2,False,29.94845360824742,-4.95,False,5.555555555555555,Cash,Offline
ORD300,Papa John's,"Chicago, IL",IL,Midwest,2024-10-07 20:15:00,2024-10-07 20:40:00,October,10,Monday,0,20,True,False,Medium,Non-Veg,4,1.142857142857143,8,3.5,Medium,2,25,8.4,16.6,False,28.18627450980392,-3.19,False,7.142857142857143,Card,Online
ORD301,Little Caesars,"Houston, TX",TX,South,2024-10-08 18:30:00,2024-10-08 18:50:00,October,10,Tuesday,1,18,True,False,Small,Vegan,2,1.0,2,2.0,Low,1,20,4.8,15.2,False,28.84422110552764,-8.84,False,10.0,Wallet,Online
ORD302,Marco's Pizza,"Phoenix, AZ",AZ,West,2024-10-09 13:00:00,2024-10-09 13:20:00,October,10,Wednesday,2,13,False,False,Medium,Non-Veg,3,1.0,6,3.0,Low,1,20,7.199999999999999,12.8,False,30.28645833333333,-10.29,False,6.666666666666667,UPI,Online
ORD303,Domino's,"Miami, FL",FL,South,2024-10-10 18:30:00,2024-10-10 18:55:00,October,10,Thursday,3,18,True,False,Large,Veg,4,0.8,12,5.0,High,3,25,12.0,13.0,False,30.25943396226415,-5.26,False,5.0,Domino's Cash,Offline
ORD304,Pizza Hut,"Denver, CO",CO,West,2024-10-11 19:45:00,2024-10-11 20:10:00,October,10,Friday,4,19,True,False,XL,Cheese Burst,5,1.111111111111111,20,4.5,Low,1,25,10.8,14.2,False,29.94845360824742,-4.95,False,5.555555555555555,Card,Online
ORD305,Papa John's,"Boston, MA",MA,Northeast,2024-10-12 20:15:00,2024-10-12 20:40:00,October,10,Saturday,5,20,True,True,Small,Vegan,2,0.8,2,2.5,Medium,2,25,6.0,19.0,False,28.18627450980392,-3.19,False,10.0,Wallet,Online
ORD306,Little Caesars,"Dallas, TX",TX,South,2024-10-13 18:30:00,2024-10-13 18:50:00,October,10,Sunday,6,18,True,True,Medium,Non-Veg,3,0.8571428571428571,6,3.5,Low,1,20,8.4,11.6,False,28.84422110552764,-8.84,False,5.714285714285714,UPI,Online
ORD307,Domino's,"New York, NY",NY,Northeast,2024-08-26 18:00:00,2024-08-26 18:20:00,August,8,Monday,0,18,True,False,Medium,Veg,2,0.6666666666666666,4,3.0,Low,1,20,7.199999999999999,12.8,False,30.25943396226415,-10.26,False,6.666666666666667,Card,Online
ORD308,Papa John's,"Chicago, IL",IL,Midwest,2024-08-27 19:15:00,2024-08-27 19:45:00,August,8,Tuesday,1,19,True,False,Large,Non-Veg,4,0.6666666666666666,12,6.0,Medium,2,30,14.4,15.6,False,28.18627450980392,1.81,True,5.0,UPI,Online
ORD309,Pizza Hut,"Los Angeles, CA",CA,West,2024-08-28 20:30:00,2024-08-28 21:10:00,August,8,Wednesday,2,20,True,False,XL,Cheese Burst,5,0.625,20,8.0,High,3,40,19.2,20.8,True,29.94845360824742,10.05,True,5.0,Hut Points,Offline
ORD310,Little Caesars,"Houston, TX",TX,South,2024-08-29 18:45:00,2024-08-29 19:05:00,August,8,Thursday,3,18,True,False,Small,Vegan,1,0.4,1,2.5,Low,1,20,6.0,14.0,False,28.84422110552764,-8.84,False,8.0,Cash,Offline
ORD311,Marco's Pizza,"Phoenix, AZ",AZ,West,2024-08-30 19:00:00,2024-08-30 19:50:00,August,8,Friday,4,19,True,False,Large,Non-Veg,4,0.4,12,10.0,High,3,50,24.0,26.0,True,30.28645833333333,19.71,True,5.0,Card,Online
ORD312,Domino's,"Miami, FL",FL,South,2024-08-31 20:00:00,2024-08-31 20:35:00,August,8,Saturday,5,20,True,True,Medium,Veg,3,0.5454545454545454,6,5.5,Medium,2,35,13.2,21.8,True,30.25943396226415,4.74,True,6.363636363636363,Wallet,Online
ORD313,Papa John's,"Denver, CO",CO,West,2024-09-01 18:30:00,2024-09-01 18:50:00,September,9,Sunday,6,18,True,True,Small,Vegan,2,1.0,2,2.0,Low,1,20,4.8,15.2,False,28.18627450980392,-8.19,False,10.0,UPI,Online
ORD314,Pizza Hut,"Boston, MA",MA,Northeast,2024-09-02 19:45:00,2024-09-02 20:25:00,September,9,Monday,0,19,True,False,XL,Cheese Burst,5,0.6666666666666666,20,7.5,High,3,40,18.0,22.0,True,29.94845360824742,10.05,True,5.333333333333333,Hut Points,Offline
ORD315,Little Caesars,"Dallas, TX",TX,South,2024-09-03 18:00:00,2024-09-03 18:30:00,September,9,Tuesday,1,18,True,False,Medium,Non-Veg,3,0.75,6,4.0,Medium,2,30,9.6,20.4,False,28.84422110552764,1.16,True,7.5,Cash,Offline
ORD316,Marco's Pizza,"Seattle, WA",WA,West,2024-09-04 20:15:00,2024-09-04 21:00:00,September,9,Wednesday,2,20,True,False,Large,Veg,4,0.4444444444444444,12,9.0,High,3,45,21.6,23.4,True,30.28645833333333,14.71,True,5.0,Wallet,Online
ORD317,Domino's,"San Jose, CA",CA,West,2024-09-05 18:00:00,2024-09-05 18:20:00,September,9,Thursday,3,18,True,False,Medium,Veg,2,0.6666666666666666,4,3.0,Low,1,20,7.199999999999999,12.8,False,30.25943396226415,-10.26,False,6.666666666666667,Card,Online
ORD318,Papa John's,"Austin, TX",TX,South,2024-09-06 19:15:00,2024-09-06 19:45:00,September,9,Friday,4,19,True,False,Large,Non-Veg,4,0.6666666666666666,12,6.0,Medium,2,30,14.4,15.6,False,28.18627450980392,1.81,True,5.0,Cash,Offline
ORD319,Pizza Hut,"San Diego, CA",CA,West,2024-09-07 20:30:00,2024-09-07 21:10:00,September,9,Saturday,5,20,True,True,XL,Cheese Burst,5,0.625,20,8.0,High,3,40,19.2,20.8,True,29.94845360824742,10.05,True,5.0,Hut Points,Offline
ORD320,Little Caesars,"Jacksonville, FL",FL,South,2024-09-08 18:45:00,2024-09-08 19:05:00,September,9,Sunday,6,18,True,True,Small,Vegan,1,0.4,1,2.5,Low,1,20,6.0,14.0,False,28.84422110552764,-8.84,False,8.0,Wallet,Online
ORD321,Marco's Pizza,"Fort Worth, TX",TX,South,2024-09-09 19:00:00,2024-09-09 19:50:00,September,9,Monday,0,19,True,False,Large,Non-Veg,4,0.4,12,10.0,High,3,50,24.0,26.0,True,30.28645833333333,19.71,True,5.0,Card,Online
ORD322,Domino's,"Columbus, OH",OH,Midwest,2024-09-10 20:00:00,2024-09-10 20:35:00,September,9,Tuesday,1,20,True,False,Medium,Veg,3,0.5454545454545454,6,5.5,Medium,2,35,13.2,21.8,True,30.25943396226415,4.74,True,6.363636363636363,Wallet,Online
ORD323,Papa John's,"Charlotte, NC",NC,South,2024-09-11 18:30:00,2024-09-11 18:50:00,September,9,Wednesday,2,18,True,False,Small,Vegan,2,1.0,2,2.0,Low,1,20,4.8,15.2,False,28.18627450980392,-8.19,False,10.0,UPI,Online
ORD324,Pizza Hut,"Indianapolis, IN",IN,Midwest,2024-09-12 19:45:00,2024-09-12 20:25:00,September,9,Thursday,3,19,True,False,XL,Cheese Burst,5,0.6666666666666666,20,7.5,High,3,40,18.0,22.0,True,29.94845360824742,10.05,True,5.333333333333333,Hut Points,Offline
ORD325,Little Caesars,"San Francisco, CA",CA,West,2024-09-13 18:00:00,2024-09-13 18:30:00,September,9,Friday,4,18,True,False,Medium,Non-Veg,3,0.75,6,4.0,Medium,2,30,9.6,20.4,False,28.84422110552764,1.16,True,7.5,Cash,Offline
ORD326,Marco's Pizza,"Charlotte, NC",NC,South,2024-09-14 20:15:00,2024-09-14 21:00:00,September,9,Saturday,5,20,True,True,Large,Veg,4,0.4444444444444444,12,9.0,High,3,45,21.6,23.4,True,30.28645833333333,14.71,True,5.0,Wallet,Online
ORD327,Domino's,"Detroit, MI",MI,Midwest,2024-09-15 18:00:00,2024-09-15 18:20:00,September,9,Sunday,6,18,True,True,Medium,Veg,2,0.6666666666666666,4,3.0,Low,1,20,7.199999999999999,12.8,False,30.25943396226415,-10.26,False,6.666666666666667,Card,Online
ORD328,Papa John's,"El Paso, TX",TX,South,2024-09-16 19:15:00,2024-09-16 19:45:00,September,9,Monday,0,19,True,False,Large,Non-Veg,4,0.6666666666666666,12,6.0,Medium,2,30,14.4,15.6,False,28.18627450980392,1.81,True,5.0,Cash,Offline
ORD329,Pizza Hut,"Memphis, TN",TN,South,2024-09-17 20:30:00,2024-09-17 21:10:00,September,9,Tuesday,1,20,True,False,XL,Cheese Burst,5,0.625,20,8.0,High,3,40,19.2,20.8,True,29.94845360824742,10.05,True,5.0,Hut Points,Offline
ORD330,Little Caesars,"Baltimore, MD",MD,South,2024-09-18 18:45:00,2024-09-18 19:05:00,September,9,Wednesday,2,18,True,False,Small,Vegan,1,0.4,1,2.5,Low,1,20,6.0,14.0,False,28.84422110552764,-8.84,False,8.0,Wallet,Online
ORD331,Marco's Pizza,"Boston, MA",MA,Northeast,2024-09-19 19:00:00,2024-09-19 19:50:00,September,9,Thursday,3,19,True,False,Large,Non-Veg,4,0.4,12,10.0,High,3,50,24.0,26.0,True,30.28645833333333,19.71,True,5.0,Card,Online
ORD332,Domino's,"New York, NY",NY,Northeast,2024-09-20 18:00:00,2024-09-20 18:20:00,September,9,Friday,4,18,True,False,Medium,Veg,2,0.6666666666666666,4,3.0,Low,1,20,7.199999999999999,12.8,False,30.25943396226415,-10.26,False,6.666666666666667,Domino's Cash,Offline
ORD333,Papa John's,"Chicago, IL",IL,Midwest,2024-09-21 19:15:00,2024-09-21 19:45:00,September,9,Saturday,5,19,True,True,Large,Non-Veg,4,0.6666666666666666,12,6.0,Medium,2,30,14.4,15.6,False,28.18627450980392,1.81,True,5.0,UPI,Online
ORD334,Pizza Hut,"Los Angeles, CA",CA,West,2024-09-22 20:30:00,2024-09-22 21:10:00,September,9,Sunday,6,20,True,True,XL,Cheese Burst,5,0.625,20,8.0,High,3,40,19.2,20.8,True,29.94845360824742,10.05,True,5.0,Hut Points,Offline
ORD335,Little Caesars,"Houston, TX",TX,South,2024-09-23 18:45:00,2024-09-23 19:05:00,September,9,Monday,0,18,True,False,Small,Vegan,1,0.4,1,2.5,Low,1,20,6.0,14.0,False,28.84422110552764,-8.84,False,8.0,Cash,Offline
ORD336,Marco's Pizza,"Phoenix, AZ",AZ,West,2024-09-24 19:00:00,2024-09-24 19:50:00,September,9,Tuesday,1,19,True,False,Large,Non-Veg,4,0.4,12,10.0,High,3,50,24.0,26.0,True,30.28645833333333,19.71,True,5.0,Card,Online
ORD337,Domino's,"Miami, FL",FL,South,2024-09-25 20:00:00,2024-09-25 20:20:00,September,9,Wednesday,2,20,True,False,Medium,Veg,2,0.6666666666666666,4,3.0,Low,1,20,7.199999999999999,12.8,False,30.25943396226415,-10.26,False,6.666666666666667,Card,Online
ORD338,Papa John's,"Chicago, IL",IL,Midwest,2024-09-26 19:15:00,2024-09-26 19:45:00,September,9,Thursday,3,19,True,False,Large,Non-Veg,4,0.6666666666666666,12,6.0,Medium,2,30,14.4,15.6,False,28.18627450980392,1.81,True,5.0,UPI,Online
ORD339,Pizza Hut,"Los Angeles, CA",CA,West,2024-09-27 20:30:00,2024-09-27 21:10:00,September,9,Friday,4,20,True,False,XL,Cheese Burst,5,0.625,20,8.0,High,3,40,19.2,20.8,True,29.94845360824742,10.05,True,5.0,Hut Points,Offline
ORD340,Little Caesars,"Houston, TX",TX,South,2024-09-28 18:45:00,2024-09-28 19:05:00,September,9,Saturday,5,18,True,True,Small,Vegan,1,0.4,1,2.5,Low,1,20,6.0,14.0,False,28.84422110552764,-8.84,False,8.0,Cash,Offline
ORD341,Marco's Pizza,"Phoenix, AZ",AZ,West,2024-09-29 19:00:00,2024-09-29 19:50:00,September,9,Sunday,6,19,True,True,Large,Non-Veg,4,0.4,12,10.0,High,3,50,24.0,26.0,True,30.28645833333333,19.71,True,5.0,Card,Online
ORD342,Domino's,"Miami, FL",FL,South,2024-09-30 20:00:00,2024-09-30 20:35:00,September,9,Monday,0,20,True,False,Medium,Veg,3,0.5454545454545454,6,5.5,Medium,2,35,13.2,21.8,True,30.25943396226415,4.74,True,6.363636363636363,Wallet,Online
ORD343,Papa John's,"Denver, CO",CO,West,2024-10-01 18:30:00,2024-10-01 18:50:00,October,10,Tuesday,1,18,True,False,Small,Vegan,2,1.0,2,2.0,Low,1,20,4.8,15.2,False,28.18627450980392,-8.19,False,10.0,UPI,Online
ORD344,Pizza Hut,"Boston, MA",MA,Northeast,2024-10-02 19:45:00,2024-10-02 20:25:00,October,10,Wednesday,2,19,True,False,XL,Cheese Burst,5,0.6666666666666666,20,7.5,High,3,40,18.0,22.0,True,29.94845360824742,10.05,True,5.333333333333333,Hut Points,Offline
ORD345,Little Caesars,"Dallas, TX",TX,South,2024-10-03 18:00:00,2024-10-03 18:30:00,October,10,Thursday,3,18,True,False,Medium,Non-Veg,3,0.75,6,4.0,Medium,2,30,9.6,20.4,False,28.84422110552764,1.16,True,7.5,Cash,Offline
ORD346,Marco's Pizza,"Seattle, WA",WA,West,2024-10-04 20:15:00,2024-10-04 21:00:00,October,10,Friday,4,20,True,False,Large,Veg,4,0.4444444444444444,12,9.0,High,3,45,21.6,23.4,True,30.28645833333333,14.71,True,5.0,Wallet,Online
ORD347,Domino's,"San Jose, CA",CA,West,2024-10-05 18:00:00,2024-10-05 18:20:00,October,10,Saturday,5,18,True,True,Medium,Veg,2,0.6666666666666666,4,3.0,Low,1,20,7.199999999999999,12.8,False,30.25943396226415,-10.26,False,6.666666666666667,Card,Online
ORD348,Papa John's,"Austin, TX",TX,South,2024-10-06 19:15:00,2024-10-06 19:45:00,October,10,Sunday,6,19,True,True,Large,Non-Veg,4,0.6666666666666666,12,6.0,Medium,2,30,14.4,15.6,False,28.18627450980392,1.81,True,5.0,Cash,Offline
ORD349,Pizza Hut,"San Diego, CA",CA,West,2024-10-07 20:30:00,2024-10-07 21:10:00,October,10,Monday,0,20,True,False,XL,Cheese Burst,5,0.625,20,8.0,High,3,40,19.2,20.8,True,29.94845360824742,10.05,True,5.0,Hut Points,Offline
ORD350,Little Caesars,"Jacksonville, FL",FL,South,2024-10-08 18:45:00,2024-10-08 19:05:00,October,10,Tuesday,1,18,True,False,Small,Vegan,1,0.4,1,2.5,Low,1,20,6.0,14.0,False,28.84422110552764,-8.84,False,8.0,Wallet,Online
ORD351,Marco's Pizza,"Fort Worth, TX",TX,South,2024-10-09 19:00:00,2024-10-09 19:50:00,October,10,Wednesday,2,19,True,False,Large,Non-Veg,4,0.4,12,10.0,High,3,50,24.0,26.0,True,30.28645833333333,19.71,True,5.0,Card,Online
ORD352,Domino's,"Columbus, OH",OH,Midwest,2024-10-10 20:00:00,2024-10-10 20:35:00,October,10,Thursday,3,20,True,False,Medium,Veg,3,0.5454545454545454,6,5.5,Medium,2,35,13.2,21.8,True,30.25943396226415,4.74,True,6.363636363636363,Wallet,Online
ORD353,Papa John's,"Charlotte, NC",NC,South,2024-10-11 18:30:00,2024-10-11 18:50:00,October,10,Friday,4,18,True,False,Small,Vegan,2,1.0,2,2.0,Low,1,20,4.8,15.2,False,28.18627450980392,-8.19,False,10.0,UPI,Online
ORD354,Pizza Hut,"Indianapolis, IN",IN,Midwest,2024-10-12 19:45:00,2024-10-12 20:25:00,October,10,Saturday,5,19,True,True,XL,Cheese Burst,5,0.6666666666666666,20,7.5,High,3,40,18.0,22.0,True,29.94845360824742,10.05,True,5.333333333333333,Hut Points,Offline
ORD355,Little Caesars,"San Francisco, CA",CA,West,2024-10-13 18:00:00,2024-10-13 18:30:00,October,10,Sunday,6,18,True,True,Medium,Non-Veg,3,0.75,6,4.0,Medium,2,30,9.6,20.4,False,28.84422110552764,1.16,True,7.5,Cash,Offline
ORD356,Marco's Pizza,"Charlotte, NC",NC,South,2024-10-14 20:15:00,2024-10-14 21:00:00,October,10,Monday,0,20,True,False,Large,Veg,4,0.4444444444444444,12,9.0,High,3,45,21.6,23.4,True,30.28645833333333,14.71,True,5.0,Wallet,Online
ORD357,Domino's,"Detroit, MI",MI,Midwest,2024-10-15 18:00:00,2024-10-15 18:20:00,October,10,Tuesday,1,18,True,False,Medium,Veg,2,0.6666666666666666,4,3.0,Low,1,20,7.199999999999999,12.8,False,30.25943396226415,-10.26,False,6.666666666666667,Card,Online
ORD358,Papa John's,"El Paso, TX",TX,South,2024-10-16 19:15:00,2024-10-16 19:45:00,October,10,Wednesday,2,19,True,False,Large,Non-Veg,4,0.6666666666666666,12,6.0,Medium,2,30,14.4,15.6,False,28.18627450980392,1.81,True,5.0,Wallet,Online
ORD359,Pizza Hut,"Memphis, TN",TN,South,2024-10-17 20:30:00,2024-10-17 21:10:00,October,10,Thursday,3,20,True,False,XL,Cheese Burst,5,0.625,20,8.0,High,3,40,19.2,20.8,True,29.94845360824742,10.05,True,5.0,Hut Points,Offline
ORD360,Little Caesars,"Baltimore, MD",MD,South,2024-10-18 18:45:00,2024-10-18 19:05:00,October,10,Friday,4,18,True,False,Small,Vegan,1,0.4,1,2.5,Low,1,20,6.0,14.0,False,28.84422110552764,-8.84,False,8.0,Cash,Offline
ORD361,Marco's Pizza,"Boston, MA",MA,Northeast,2024-10-19 19:00:00,2024-10-19 19:50:00,October,10,Saturday,5,19,True,True,Large,Non-Veg,4,0.4,12,10.0,High,3,50,24.0,26.0,True,30.28645833333333,19.71,True,5.0,Card,Online
ORD362,Domino's,"New York, NY",NY,Northeast,2024-10-20 18:00:00,2024-10-20 18:20:00,October,10,Sunday,6,18,True,True,Medium,Veg,2,0.6666666666666666,4,3.0,Low,1,20,7.199999999999999,12.8,False,30.25943396226415,-10.26,False,6.666666666666667,Domino's Cash,Offline
ORD363,Domino's,"Miami, FL",FL,South,2024-10-21 20:00:00,2024-10-21 20:20:00,October,10,Monday,0,20,True,False,Medium,Veg,2,0.6666666666666666,4,3.0,Low,1,20,7.199999999999999,12.8,False,30.25943396226415,-10.26,False,6.666666666666667,Card,Online
ORD364,Papa John's,"Chicago, IL",IL,Midwest,2024-10-22 19:15:00,2024-10-22 19:45:00,October,10,Tuesday,1,19,True,False,Large,Non-Veg,4,0.6666666666666666,12,6.0,Medium,2,30,14.4,15.6,False,28.18627450980392,1.81,True,5.0,UPI,Online
ORD365,Pizza Hut,"Los Angeles, CA",CA,West,2024-10-23 20:30:00,2024-10-23 21:10:00,October,10,Wednesday,2,20,True,False,XL,Cheese Burst,5,0.625,20,8.0,High,3,40,19.2,20.8,True,29.94845360824742,10.05,True,5.0,Hut Points,Offline
ORD366,Little Caesars,"Houston, TX",TX,South,2024-10-24 18:45:00,2024-10-24 19:05:00,October,10,Thursday,3,18,True,False,Small,Vegan,1,0.4,1,2.5,Low,1,20,6.0,14.0,False,28.84422110552764,-8.84,False,8.0,Cash,Offline
ORD367,Marco's Pizza,"Phoenix, AZ",AZ,West,2024-10-25 19:00:00,2024-10-25 19:50:00,October,10,Friday,4,19,True,False,Large,Non-Veg,4,0.4,12,10.0,High,3,50,24.0,26.0,True,30.28645833333333,19.71,True,5.0,Card,Online
ORD368,Domino's,"Miami, FL",FL,South,2024-10-26 20:00:00,2024-10-26 20:35:00,October,10,Saturday,5,20,True,True,Medium,Veg,3,0.5454545454545454,6,5.5,Medium,2,35,13.2,21.8,True,30.25943396226415,4.74,True,6.363636363636363,Wallet,Online
ORD369,Papa John's,"Denver, CO",CO,West,2024-10-27 18:30:00,2024-10-27 18:50:00,October,10,Sunday,6,18,True,True,Small,Vegan,2,1.0,2,2.0,Low,1,20,4.8,15.2,False,28.18627450980392,-8.19,False,10.0,UPI,Online
ORD370,Pizza Hut,"Boston, MA",MA,Northeast,2024-10-28 19:45:00,2024-10-28 20:25:00,October,10,Monday,0,19,True,False,XL,Cheese Burst,5,0.6666666666666666,20,7.5,High,3,40,18.0,22.0,True,29.94845360824742,10.05,True,5.333333333333333,Hut Points,Offline
ORD371,Little Caesars,"Dallas, TX",TX,South,2024-10-29 18:00:00,2024-10-29 18:30:00,October,10,Tuesday,1,18,True,False,Medium,Non-Veg,3,0.75,6,4.0,Medium,2,30,9.6,20.4,False,28.84422110552764,1.16,True,7.5,Card,Online
ORD372,Marco's Pizza,"Seattle, WA",WA,West,2024-10-30 20:15:00,2024-10-30 21:00:00,October,10,Wednesday,2,20,True,False,Large,Veg,4,0.4444444444444444,12,9.0,High,3,45,21.6,23.4,True,30.28645833333333,14.71,True,5.0,Wallet,Online
ORD373,Domino's,"San Jose, CA",CA,West,2024-10-31 18:00:00,2024-10-31 18:20:00,October,10,Thursday,3,18,True,False,Medium,Veg,2,0.6666666666666666,4,3.0,Low,1,20,7.199999999999999,12.8,False,30.25943396226415,-10.26,False,6.666666666666667,Card,Online
ORD374,Papa John's,"Austin, TX",TX,South,2024-11-01 19:15:00,2024-11-01 19:45:00,November,11,Friday,4,19,True,False,Large,Non-Veg,4,0.6666666666666666,12,6.0,Medium,2,30,14.4,15.6,False,28.18627450980392,1.81,True,5.0,Cash,Offline
ORD375,Pizza Hut,"San Diego, CA",CA,West,2024-11-02 20:30:00,2024-11-02 21:10:00,November,11,Saturday,5,20,True,True,XL,Cheese Burst,5,0.625,20,8.0,High,3,40,19.2,20.8,True,29.94845360824742,10.05,True,5.0,Hut Points,Offline
ORD376,Little Caesars,"Jacksonville, FL",FL,South,2024-11-03 18:45:00,2024-11-03 19:05:00,November,11,Sunday,6,18,True,True,Small,Vegan,1,0.4,1,2.5,Low,1,20,6.0,14.0,False,28.84422110552764,-8.84,False,8.0,Wallet,Online
ORD377,Marco's Pizza,"Fort Worth, TX",TX,South,2024-11-04 19:00:00,2024-11-04 19:50:00,November,11,Monday,0,19,True,False,Large,Non-Veg,4,0.4,12,10.0,High,3,50,24.0,26.0,True,30.28645833333333,19.71,True,5.0,Card,Online
ORD378,Domino's,"Columbus, OH",OH,Midwest,2024-11-05 20:00:00,2024-11-05 20:35:00,November,11,Tuesday,1,20,True,False,Medium,Veg,3,0.5454545454545454,6,5.5,Medium,2,35,13.2,21.8,True,30.25943396226415,4.74,True,6.363636363636363,Wallet,Online
ORD379,Papa John's,"Charlotte, NC",NC,South,2024-11-06 18:30:00,2024-11-06 18:50:00,November,11,Wednesday,2,18,True,False,Small,Vegan,2,1.0,2,2.0,Low,1,20,4.8,15.2,False,28.18627450980392,-8.19,False,10.0,UPI,Online
ORD380,Pizza Hut,"Indianapolis, IN",IN,Midwest,2024-11-07 19:45:00,2024-11-07 20:25:00,November,11,Thursday,3,19,True,False,XL,Cheese Burst,5,0.6666666666666666,20,7.5,High,3,40,18.0,22.0,True,29.94845360824742,10.05,True,5.333333333333333,Hut Points,Offline
ORD381,Little Caesars,"San Francisco, CA",CA,West,2024-11-08 18:00:00,2024-11-08 18:30:00,November,11,Friday,4,18,True,False,Medium,Non-Veg,3,0.75,6,4.0,Medium,2,30,9.6,20.4,False,28.84422110552764,1.16,True,7.5,UPI,Online
ORD382,Marco's Pizza,"Charlotte, NC",NC,South,2024-11-09 20:15:00,2024-11-09 21:00:00,November,11,Saturday,5,20,True,True,Large,Veg,4,0.4444444444444444,12,9.0,High,3,45,21.6,23.4,True,30.28645833333333,14.71,True,5.0,Cash,Offline
ORD383,Domino's,"Detroit, MI",MI,Midwest,2024-11-10 18:00:00,2024-11-10 18:20:00,November,11,Sunday,6,18,True,True,Medium,Veg,2,0.6666666666666666,4,3.0,Low,1,20,7.199999999999999,12.8,False,30.25943396226415,-10.26,False,6.666666666666667,Card,Online
ORD384,Papa John's,"El Paso, TX",TX,South,2024-11-11 19:15:00,2024-11-11 19:45:00,November,11,Monday,0,19,True,False,Large,Non-Veg,4,0.6666666666666666,12,6.0,Medium,2,30,14.4,15.6,False,28.18627450980392,1.81,True,5.0,Wallet,Online
ORD385,Pizza Hut,"Memphis, TN",TN,South,2024-11-12 20:30:00,2024-11-12 21:10:00,November,11,Tuesday,1,20,True,False,XL,Cheese Burst,5,0.625,20,8.0,High,3,40,19.2,20.8,True,29.94845360824742,10.05,True,5.0,Hut Points,Offline
ORD386,Little Caesars,"Baltimore, MD",MD,South,2024-11-13 18:45:00,2024-11-13 19:05:00,November,11,Wednesday,2,18,True,False,Small,Vegan,1,0.4,1,2.5,Low,1,20,6.0,14.0,False,28.84422110552764,-8.84,False,8.0,Cash,Offline
ORD387,Marco's Pizza,"Boston, MA",MA,Northeast,2024-11-14 19:00:00,2024-11-14 19:50:00,November,11,Thursday,3,19,True,False,Large,Non-Veg,4,0.4,12,10.0,High,3,50,24.0,26.0,True,30.28645833333333,19.71,True,5.0,Card,Online
ORD388,Domino's,"New York, NY",NY,Northeast,2024-11-15 18:00:00,2024-11-15 18:20:00,November,11,Friday,4,18,True,False,Medium,Veg,2,0.6666666666666666,4,3.0,Low,1,20,7.199999999999999,12.8,False,30.25943396226415,-10.26,False,6.666666666666667,Domino's Cash,Offline
ORD389,Domino's,"Miami, FL",FL,South,2024-11-16 20:00:00,2024-11-16 20:20:00,November,11,Saturday,5,20,True,True,Medium,Veg,2,0.6666666666666666,4,3.0,Low,1,20,7.199999999999999,12.8,False,30.25943396226415,-10.26,False,6.666666666666667,Card,Online
ORD390,Papa John's,"Chicago, IL",IL,Midwest,2024-11-17 19:15:00,2024-11-17 19:45:00,November,11,Sunday,6,19,True,True,Large,Non-Veg,4,0.6666666666666666,12,6.0,Medium,2,30,14.4,15.6,False,28.18627450980392,1.81,True,5.0,UPI,Online
ORD391,Pizza Hut,"Los Angeles, CA",CA,West,2024-11-18 20:30:00,2024-11-18 21:10:00,November,11,Monday,0,20,True,False,XL,Cheese Burst,5,0.625,20,8.0,High,3,40,19.2,20.8,True,29.94845360824742,10.05,True,5.0,Hut Points,Offline
ORD392,Little Caesars,"Houston, TX",TX,South,2024-11-19 18:45:00,2024-11-19 19:05:00,November,11,Tuesday,1,18,True,False,Small,Vegan,1,0.4,1,2.5,Low,1,20,6.0,14.0,False,28.84422110552764,-8.84,False,8.0,Cash,Offline
ORD393,Marco's Pizza,"Phoenix, AZ",AZ,West,2024-11-20 19:00:00,2024-11-20 19:50:00,November,11,Wednesday,2,19,True,False,Large,Non-Veg,4,0.4,12,10.0,High,3,50,24.0,26.0,True,30.28645833333333,19.71,True,5.0,Card,Online
ORD394,Domino's,"Miami, FL",FL,South,2024-11-21 20:00:00,2024-11-21 20:35:00,November,11,Thursday,3,20,True,False,Medium,Gluten-Free,3,0.5454545454545454,6,5.5,Medium,2,35,13.2,21.8,True,30.25943396226415,4.74,True,6.363636363636363,Wallet,Online
ORD395,Papa John's,"Denver, CO",CO,West,2024-11-22 18:30:00,2024-11-22 18:50:00,November,11,Friday,4,18,True,False,Small,Vegan,2,1.0,2,2.0,Low,1,20,4.8,15.2,False,28.18627450980392,-8.19,False,10.0,UPI,Online
ORD396,Pizza Hut,"Boston, MA",MA,Northeast,2024-11-23 19:45:00,2024-11-23 20:25:00,November,11,Saturday,5,19,True,True,XL,Stuffed Crust,5,0.6666666666666666,20,7.5,High,3,40,18.0,22.0,True,29.94845360824742,10.05,True,5.333333333333333,Hut Points,Offline
ORD397,Little Caesars,"Dallas, TX",TX,South,2024-11-24 18:00:00,2024-11-24 18:30:00,November,11,Sunday,6,18,True,True,Medium,Non-Veg,3,0.75,6,4.0,Medium,2,30,9.6,20.4,False,28.84422110552764,1.16,True,7.5,Card,Online
ORD398,Marco's Pizza,"Seattle, WA",WA,West,2024-11-25 20:15:00,2024-11-25 21:00:00,November,11,Monday,0,20,True,False,Large,Veg,4,0.4444444444444444,12,9.0,High,3,45,21.6,23.4,True,30.28645833333333,14.71,True,5.0,Wallet,Online
ORD399,Domino's,"San Jose, CA",CA,West,2024-11-26 18:00:00,2024-11-26 18:20:00,November,11,Tuesday,1,18,True,False,Medium,Veg,2,0.6666666666666666,4,3.0,Low,1,20,7.199999999999999,12.8,False,30.25943396226415,-10.26,False,6.666666666666667,Card,Online
ORD400,Papa John's,"Austin, TX",TX,South,2024-11-27 19:15:00,2024-11-27 19:45:00,November,11,Wednesday,2,19,True,False,Large,Non-Veg,4,0.6666666666666666,12,6.0,Medium,2,30,14.4,15.6,False,28.18627450980392,1.81,True,5.0,Cash,Offline
ORD401,Pizza Hut,"San Diego, CA",CA,West,2024-11-28 20:30:00,2024-11-28 21:10:00,November,11,Thursday,3,20,True,False,XL,Cheese Burst,5,0.625,20,8.0,High,3,40,19.2,20.8,True,29.94845360824742,10.05,True,5.0,Hut Points,Offline
ORD402,Little Caesars,"Jacksonville, FL",FL,South,2024-11-29 18:45:00,2024-11-29 19:05:00,November,11,Friday,4,18,True,False,Small,Vegan,1,0.4,1,2.5,Low,1,20,6.0,14.0,False,28.84422110552764,-8.84,False,8.0,Wallet,Online
ORD403,Marco's Pizza,"Fort Worth, TX",TX,South,2024-11-30 19:00:00,2024-11-30 19:50:00,November,11,Saturday,5,19,True,True,Large,Non-Veg,4,0.4,12,10.0,High,3,50,24.0,26.0,True,30.28645833333333,19.71,True,5.0,Card,Online
ORD404,Domino's,"Columbus, OH",OH,Midwest,2024-12-01 20:00:00,2024-12-01 20:35:00,December,12,Sunday,6,20,True,True,Medium,Veg,3,0.5454545454545454,6,5.5,Medium,2,35,13.2,21.8,True,30.25943396226415,4.74,True,6.363636363636363,Wallet,Online
ORD405,Papa John's,"Charlotte, NC",NC,South,2024-12-02 18:30:00,2024-12-02 18:50:00,December,12,Monday,0,18,True,False,Small,Vegan,2,1.0,2,2.0,Low,1,20,4.8,15.2,False,28.18627450980392,-8.19,False,10.0,UPI,Online
ORD406,Pizza Hut,"Indianapolis, IN",IN,Midwest,2024-12-03 19:45:00,2024-12-03 20:25:00,December,12,Tuesday,1,19,True,False,XL,Stuffed Crust,5,0.6666666666666666,20,7.5,High,3,40,18.0,22.0,True,29.94845360824742,10.05,True,5.333333333333333,Hut Points,Offline
ORD407,Little Caesars,"San Francisco, CA",CA,West,2024-12-04 18:00:00,2024-12-04 18:30:00,December,12,Wednesday,2,18,True,False,Medium,Non-Veg,3,0.75,6,4.0,Medium,2,30,9.6,20.4,False,28.84422110552764,1.16,True,7.5,UPI,Online
ORD408,Marco's Pizza,"Charlotte, NC",NC,South,2024-12-05 20:15:00,2024-12-05 21:00:00,December,12,Thursday,3,20,True,False,Large,Veg,4,0.4444444444444444,12,9.0,High,3,45,21.6,23.4,True,30.28645833333333,14.71,True,5.0,Cash,Offline
ORD409,Domino's,"Detroit, MI",MI,Midwest,2024-12-06 18:00:00,2024-12-06 18:20:00,December,12,Friday,4,18,True,False,Medium,Veg,2,0.6666666666666666,4,3.0,Low,1,20,7.199999999999999,12.8,False,30.25943396226415,-10.26,False,6.666666666666667,Card,Online
ORD410,Papa John's,"El Paso, TX",TX,South,2024-12-07 19:15:00,2024-12-07 19:45:00,December,12,Saturday,5,19,True,True,Large,Non-Veg,4,0.6666666666666666,12,6.0,Medium,2,30,14.4,15.6,False,28.18627450980392,1.81,True,5.0,Wallet,Online
ORD411,Pizza Hut,"Memphis, TN",TN,South,2024-12-08 20:30:00,2024-12-08 21:10:00,December,12,Sunday,6,20,True,True,XL,Cheese Burst,5,0.625,20,8.0,High,3,40,19.2,20.8,True,29.94845360824742,10.05,True,5.0,Hut Points,Offline
ORD412,Little Caesars,"Baltimore, MD",MD,South,2024-12-09 18:45:00,2024-12-09 19:05:00,December,12,Monday,0,18,True,False,Small,Vegan,1,0.4,1,2.5,Low,1,20,6.0,14.0,False,28.84422110552764,-8.84,False,8.0,Cash,Offline
ORD413,Marco's Pizza,"Boston, MA",MA,Northeast,2024-12-10 19:00:00,2024-12-10 19:50:00,December,12,Tuesday,1,19,True,False,Large,Non-Veg,4,0.4,12,10.0,High,3,50,24.0,26.0,True,30.28645833333333,19.71,True,5.0,Card,Online
ORD414,Domino's,"New York, NY",NY,Northeast,2024-12-11 18:00:00,2024-12-11 18:20:00,December,12,Wednesday,2,18,True,False,Medium,Veg,2,0.6666666666666666,4,3.0,Low,1,20,7.199999999999999,12.8,False,30.25943396226415,-10.26,False,6.666666666666667,Domino's Cash,Offline
ORD415,Domino's,"Miami, FL",FL,South,2024-12-12 20:00:00,2024-12-12 20:20:00,December,12,Thursday,3,20,True,False,Medium,Thin Crust,2,0.6666666666666666,4,3.0,Low,1,20,7.199999999999999,12.8,False,30.25943396226415,-10.26,False,6.666666666666667,Card,Online
ORD416,Papa John's,"Chicago, IL",IL,Midwest,2024-12-13 19:15:00,2024-12-13 19:45:00,December,12,Friday,4,19,True,False,Large,Deep Dish,4,0.6666666666666666,12,6.0,Medium,2,30,14.4,15.6,False,28.18627450980392,1.81,True,5.0,UPI,Online
ORD417,Pizza Hut,"Los Angeles, CA",CA,West,2024-12-14 20:30:00,2024-12-14 21:10:00,December,12,Saturday,5,20,True,True,XL,Cheese Burst,5,0.625,20,8.0,High,3,40,19.2,20.8,True,29.94845360824742,10.05,True,5.0,Hut Points,Offline
ORD418,Little Caesars,"Houston, TX",TX,South,2024-12-15 18:45:00,2024-12-15 19:05:00,December,12,Sunday,6,18,True,True,Small,Vegan,1,0.4,1,2.5,Low,1,20,6.0,14.0,False,28.84422110552764,-8.84,False,8.0,Cash,Offline
ORD419,Marco's Pizza,"Phoenix, AZ",AZ,West,2024-12-16 19:00:00,2024-12-16 19:50:00,December,12,Monday,0,19,True,False,Large,Non-Veg,4,0.4,12,10.0,High,3,50,24.0,26.0,True,30.28645833333333,19.71,True,5.0,Card,Online
ORD420,Domino's,"Miami, FL",FL,South,2024-12-17 20:00:00,2024-12-17 20:35:00,December,12,Tuesday,1,20,True,False,Medium,Gluten-Free,3,0.5454545454545454,6,5.5,Medium,2,35,13.2,21.8,True,30.25943396226415,4.74,True,6.363636363636363,Wallet,Online
ORD421,Papa John's,"Denver, CO",CO,West,2024-12-18 18:30:00,2024-12-18 18:50:00,December,12,Wednesday,2,18,True,False,Small,Vegan,2,1.0,2,2.0,Low,1,20,4.8,15.2,False,28.18627450980392,-8.19,False,10.0,UPI,Online
ORD422,Pizza Hut,"Boston, MA",MA,Northeast,2024-12-19 19:45:00,2024-12-19 20:25:00,December,12,Thursday,3,19,True,False,XL,Stuffed Crust,5,0.6666666666666666,20,7.5,High,3,40,18.0,22.0,True,29.94845360824742,10.05,True,5.333333333333333,Card,Online
ORD423,Little Caesars,"Dallas, TX",TX,South,2024-12-20 18:00:00,2024-12-20 18:30:00,December,12,Friday,4,18,True,False,Medium,Non-Veg,3,0.75,6,4.0,Medium,2,30,9.6,20.4,False,28.84422110552764,1.16,True,7.5,Card,Online
ORD424,Marco's Pizza,"Seattle, WA",WA,West,2024-12-21 20:15:00,2024-12-21 21:00:00,December,12,Saturday,5,20,True,True,Large,Veg,4,0.4444444444444444,12,9.0,High,3,45,21.6,23.4,True,30.28645833333333,14.71,True,5.0,Wallet,Online
ORD425,Domino's,"Miami, FL",FL,South,2024-12-12 20:00:00,2024-12-12 20:20:00,December,12,Thursday,3,20,True,False,Medium,Thin Crust,2,0.6666666666666666,4,3.0,Low,1,20,7.199999999999999,12.8,False,30.25943396226415,-10.26,False,6.666666666666667,Card,Online
ORD426,Papa John's,"Chicago, IL",IL,Midwest,2024-12-13 19:15:00,2024-12-13 19:45:00,December,12,Friday,4,19,True,False,Large,Deep Dish,4,0.6666666666666666,12,6.0,Medium,2,30,14.4,15.6,False,28.18627450980392,1.81,True,5.0,UPI,Online
ORD427,Pizza Hut,"Los Angeles, CA",CA,West,2024-12-14 20:30:00,2024-12-14 21:10:00,December,12,Saturday,5,20,True,True,XL,Cheese Burst,5,0.625,20,8.0,High,3,40,19.2,20.8,True,29.94845360824742,10.05,True,5.0,Hut Points,Offline
ORD428,Little Caesars,"Houston, TX",TX,South,2024-12-15 18:45:00,2024-12-15 19:05:00,December,12,Sunday,6,18,True,True,Small,Vegan,1,0.4,1,2.5,Low,1,20,6.0,14.0,False,28.84422110552764,-8.84,False,8.0,Cash,Offline
ORD429,Marco's Pizza,"Phoenix, AZ",AZ,West,2024-12-16 19:00:00,2024-12-16 19:50:00,December,12,Monday,0,19,True,False,Large,Non-Veg,4,0.4,12,10.0,High,3,50,24.0,26.0,True,30.28645833333333,19.71,True,5.0,Card,Online
ORD430,Domino's,"Miami, FL",FL,South,2024-12-17 20:00:00,2024-12-17 20:35:00,December,12,Tuesday,1,20,True,False,Medium,Gluten-Free,3,0.5454545454545454,6,5.5,Medium,2,35,13.2,21.8,True,30.25943396226415,4.74,True,6.363636363636363,Wallet,Online
ORD431,Papa John's,"Denver, CO",CO,West,2024-12-18 18:30:00,2024-12-18 18:50:00,December,12,Wednesday,2,18,True,False,Small,Vegan,2,1.0,2,2.0,Low,1,20,4.8,15.2,False,28.18627450980392,-8.19,False,10.0,UPI,Online
ORD432,Pizza Hut,"Boston, MA",MA,Northeast,2024-12-19 19:45:00,2024-12-19 20:25:00,December,12,Thursday,3,19,True,False,XL,Stuffed Crust,5,0.6666666666666666,20,7.5,High,3,40,18.0,22.0,True,29.94845360824742,10.05,True,5.333333333333333,Card,Online
ORD433,Little Caesars,"Dallas, TX",TX,South,2024-12-20 18:00:00,2024-12-20 18:30:00,December,12,Friday,4,18,True,False,Medium,Non-Veg,3,0.75,6,4.0,Medium,2,30,9.6,20.4,False,28.84422110552764,1.16,True,7.5,Card,Online
ORD434,Marco's Pizza,"Seattle, WA",WA,West,2024-12-21 20:15:00,2024-12-21 21:00:00,December,12,Saturday,5,20,True,True,Large,Veg,4,0.4444444444444444,12,9.0,High,3,45,21.6,23.4,True,30.28645833333333,14.71,True,5.0,Wallet,Online
ORD435,Domino's,"San Jose, CA",CA,West,2024-12-22 18:00:00,2024-12-22 18:20:00,December,12,Sunday,6,18,True,True,Medium,Veg,2,0.6666666666666666,4,3.0,Low,1,20,7.199999999999999,12.8,False,30.25943396226415,-10.26,False,6.666666666666667,Card,Online
ORD436,Papa John's,"Austin, TX",TX,South,2024-12-23 19:15:00,2024-12-23 19:45:00,December,12,Monday,0,19,True,False,Large,Non-Veg,4,0.6666666666666666,12,6.0,Medium,2,30,14.4,15.6,False,28.18627450980392,1.81,True,5.0,Cash,Offline
ORD437,Pizza Hut,"San Diego, CA",CA,West,2024-12-24 20:30:00,2024-12-24 21:10:00,December,12,Tuesday,1,20,True,False,XL,Cheese Burst,5,0.625,20,8.0,High,3,40,19.2,20.8,True,29.94845360824742,10.05,True,5.0,Card,Online
ORD438,Little Caesars,"Jacksonville, FL",FL,South,2024-12-25 18:45:00,2024-12-25 19:05:00,December,12,Wednesday,2,18,True,False,Small,Vegan,1,0.4,1,2.5,Low,1,20,6.0,14.0,False,28.84422110552764,-8.84,False,8.0,Wallet,Online
ORD439,Marco's Pizza,"Fort Worth, TX",TX,South,2024-12-26 19:00:00,2024-12-26 19:50:00,December,12,Thursday,3,19,True,False,Large,Non-Veg,4,0.4,12,10.0,High,3,50,24.0,26.0,True,30.28645833333333,19.71,True,5.0,Card,Online
ORD440,Domino's,"Columbus, OH",OH,Midwest,2024-12-27 20:00:00,2024-12-27 20:35:00,December,12,Friday,4,20,True,False,Medium,Veg,3,0.5454545454545454,6,5.5,Medium,2,35,13.2,21.8,True,30.25943396226415,4.74,True,6.363636363636363,Wallet,Online
ORD441,Papa John's,"Charlotte, NC",NC,South,2024-12-28 18:30:00,2024-12-28 18:50:00,December,12,Saturday,5,18,True,True,Small,Vegan,2,1.0,2,2.0,Low,1,20,4.8,15.2,False,28.18627450980392,-8.19,False,10.0,UPI,Online
ORD442,Pizza Hut,"Indianapolis, IN",IN,Midwest,2024-12-29 19:45:00,2024-12-29 20:25:00,December,12,Sunday,6,19,True,True,XL,Stuffed Crust,5,0.6666666666666666,20,7.5,High,3,40,18.0,22.0,True,29.94845360824742,10.05,True,5.333333333333333,Card,Online
ORD443,Little Caesars,"San Francisco, CA",CA,West,2024-12-30 18:00:00,2024-12-30 18:30:00,December,12,Monday,0,18,True,False,Medium,Non-Veg,3,0.75,6,4.0,Medium,2,30,9.6,20.4,False,28.84422110552764,1.16,True,7.5,UPI,Online
ORD444,Marco's Pizza,"Charlotte, NC",NC,South,2024-12-31 20:15:00,2024-12-31 21:00:00,December,12,Tuesday,1,20,True,False,Large,Veg,4,0.4444444444444444,12,9.0,High,3,45,21.6,23.4,True,30.28645833333333,14.71,True,5.0,Cash,Offline
ORD445,Domino's,"Detroit, MI",MI,Midwest,2025-01-01 18:00:00,2025-01-01 18:20:00,January,1,Wednesday,2,18,True,False,Medium,Veg,2,0.6666666666666666,4,3.0,Low,1,20,7.199999999999999,12.8,False,30.25943396226415,-10.26,False,6.666666666666667,Card,Online
ORD446,Papa John's,"El Paso, TX",TX,South,2025-01-02 19:15:00,2025-01-02 19:45:00,January,1,Thursday,3,19,True,False,Large,Non-Veg,4,0.6666666666666666,12,6.0,Medium,2,30,14.4,15.6,False,28.18627450980392,1.81,True,5.0,Wallet,Online
ORD447,Pizza Hut,"Memphis, TN",TN,South,2025-01-03 20:30:00,2025-01-03 21:10:00,January,1,Friday,4,20,True,False,XL,Cheese Burst,5,0.625,20,8.0,High,3,40,19.2,20.8,True,29.94845360824742,10.05,True,5.0,Card,Online
ORD448,Little Caesars,"Baltimore, MD",MD,South,2025-01-04 18:45:00,2025-01-04 19:05:00,January,1,Saturday,5,18,True,True,Small,Vegan,1,0.4,1,2.5,Low,1,20,6.0,14.0,False,28.84422110552764,-8.84,False,8.0,Cash,Offline
ORD449,Marco's Pizza,"Boston, MA",MA,Northeast,2025-01-05 19:00:00,2025-01-05 19:50:00,January,1,Sunday,6,19,True,True,Large,Non-Veg,4,0.4,12,10.0,High,3,50,24.0,26.0,True,30.28645833333333,19.71,True,5.0,Card,Online
ORD450,Domino's,"New York, NY",NY,Northeast,2025-01-06 18:00:00,2025-01-06 18:20:00,January,1,Monday,0,18,True,False,Medium,Veg,2,0.6666666666666666,4,3.0,Low,1,20,7.199999999999999,12.8,False,30.25943396226415,-10.26,False,6.666666666666667,Domino's Cash,Offline
ORD451,Papa John's,"Chicago, IL",IL,Midwest,2025-01-07 19:15:00,2025-01-07 19:45:00,January,1,Tuesday,1,19,True,False,Large,Deep Dish,4,0.6666666666666666,12,6.0,Medium,2,30,14.4,15.6,False,28.18627450980392,1.81,True,5.0,UPI,Online
ORD452,Pizza Hut,"Los Angeles, CA",CA,West,2025-01-08 20:30:00,2025-01-08 21:10:00,January,1,Wednesday,2,20,True,False,XL,Cheese Burst,5,0.625,20,8.0,High,3,40,19.2,20.8,True,29.94845360824742,10.05,True,5.0,Card,Online
ORD453,Little Caesars,"Houston, TX",TX,South,2025-01-09 18:00:00,2025-01-09 18:30:00,January,1,Thursday,3,18,True,False,Medium,Thai Chicken,3,0.6,6,5.0,Medium,2,30,12.0,18.0,False,28.84422110552764,1.16,True,6.0,Card,Online
ORD454,Marco's Pizza,"Atlanta, GA",GA,South,2025-01-10 19:15:00,2025-01-10 19:50:00,January,1,Friday,4,19,True,False,Large,Sicilian,4,0.6153846153846154,12,6.5,High,3,35,15.6,19.4,True,30.28645833333333,4.71,True,5.384615384615385,UPI,Online
ORD455,Domino's,"Orlando, FL",FL,South,2025-01-11 20:30:00,2025-01-11 21:10:00,January,1,Saturday,5,20,True,True,XL,Cheese Burst,5,0.625,20,8.0,High,3,40,19.2,20.8,True,30.25943396226415,9.74,True,5.0,Wallet,Online
ORD456,Papa John's,"Austin, TX",TX,South,2025-01-12 18:45:00,2025-01-12 19:05:00,January,1,Sunday,6,18,True,True,Small,Vegan,1,0.4,1,2.5,Low,1,20,6.0,14.0,False,28.18627450980392,-8.19,False,8.0,Cash,Offline
ORD457,Pizza Hut,"Seattle, WA",WA,West,2025-01-13 19:00:00,2025-01-13 19:50:00,January,1,Monday,0,19,True,False,Large,Non-Veg,4,0.4,12,10.0,High,3,50,24.0,26.0,True,29.94845360824742,20.05,True,5.0,Card,Online
ORD458,Domino's,"Miami, FL",FL,South,2025-01-14 20:00:00,2025-01-14 20:35:00,January,1,Tuesday,1,20,True,False,Medium,Gluten-Free,3,0.5454545454545454,6,5.5,Medium,2,35,13.2,21.8,True,30.25943396226415,4.74,True,6.363636363636363,Domino's Cash,Offline
ORD459,Papa John's,"Denver, CO",CO,West,2025-01-15 18:30:00,2025-01-15 18:50:00,January,1,Wednesday,2,18,True,False,Small,Vegan,2,1.0,2,2.0,Low,1,20,4.8,15.2,False,28.18627450980392,-8.19,False,10.0,UPI,Online
ORD460,Pizza Hut,"Boston, MA",MA,Northeast,2025-01-16 19:45:00,2025-01-16 20:25:00,January,1,Thursday,3,19,True,False,XL,Stuffed Crust,5,0.6666666666666666,20,7.5,High,3,40,18.0,22.0,True,29.94845360824742,10.05,True,5.333333333333333,Card,Online
ORD461,Domino's,"New York, NY",NY,Northeast,2025-01-17 18:00:00,2025-01-17 18:20:00,January,1,Friday,4,18,True,False,Medium,Veg,2,0.6666666666666666,4,3.0,Low,1,20,7.199999999999999,12.8,False,30.25943396226415,-10.26,False,6.666666666666667,Card,Online
ORD462,Papa John's,"Chicago, IL",IL,Midwest,2025-01-18 19:15:00,2025-01-18 19:45:00,January,1,Saturday,5,19,True,True,Large,Deep Dish,4,0.6666666666666666,12,6.0,Medium,2,30,14.4,15.6,False,28.18627450980392,1.81,True,5.0,UPI,Online
ORD463,Little Caesars,"Los Angeles, CA",CA,West,2025-01-19 20:30:00,2025-01-19 21:10:00,January,1,Sunday,6,20,True,True,XL,Cheese Burst,5,0.625,20,8.0,High,3,40,19.2,20.8,True,28.84422110552764,11.16,True,5.0,Wallet,Online
ORD464,Marco's Pizza,"Houston, TX",TX,South,2025-01-20 18:45:00,2025-01-20 19:05:00,January,1,Monday,0,18,True,False,Small,Vegan,1,0.4,1,2.5,Low,1,20,6.0,14.0,False,30.28645833333333,-10.29,False,8.0,Cash,Offline
ORD465,Domino's,"Phoenix, AZ",AZ,West,2025-01-21 19:00:00,2025-01-21 19:50:00,January,1,Tuesday,1,19,True,False,Large,Non-Veg,4,0.4,12,10.0,High,3,50,24.0,26.0,True,30.25943396226415,19.74,True,5.0,Card,Online
ORD466,Papa John's,"Philadelphia, PA",PA,Northeast,2025-01-22 20:00:00,2025-01-22 20:35:00,January,1,Wednesday,2,20,True,False,Medium,Gluten-Free,3,0.5454545454545454,6,5.5,Medium,2,35,13.2,21.8,True,28.18627450980392,6.81,True,6.363636363636363,Wallet,Online
ORD467,Pizza Hut,"San Antonio, TX",TX,South,2025-01-23 18:30:00,2025-01-23 18:50:00,January,1,Thursday,3,18,True,False,Small,Vegan,2,1.0,2,2.0,Low,1,20,4.8,15.2,False,29.94845360824742,-9.95,False,10.0,UPI,Online
ORD468,Little Caesars,"San Diego, CA",CA,West,2025-01-24 19:45:00,2025-01-24 20:25:00,January,1,Friday,4,19,True,False,XL,Stuffed Crust,5,0.6666666666666666,20,7.5,High,3,40,18.0,22.0,True,28.84422110552764,11.16,True,5.333333333333333,Card,Online
ORD469,Marco's Pizza,"Dallas, TX",TX,South,2025-01-25 18:00:00,2025-01-25 18:30:00,January,1,Saturday,5,18,True,True,Medium,Non-Veg,3,0.75,6,4.0,Medium,2,30,9.6,20.4,False,30.28645833333333,-0.29,False,7.5,UPI,Online
ORD470,Domino's,"San Jose, CA",CA,West,2025-01-26 20:15:00,2025-01-26 21:00:00,January,1,Sunday,6,20,True,True,Large,Veg,4,0.4444444444444444,12,9.0,High,3,45,21.6,23.4,True,30.25943396226415,14.74,True,5.0,Cash,Offline
ORD471,Papa John's,"Austin, TX",TX,South,2025-01-27 18:00:00,2025-01-27 18:20:00,January,1,Monday,0,18,True,False,Medium,Veg,2,0.6666666666666666,4,3.0,Low,1,20,7.199999999999999,12.8,False,28.18627450980392,-8.19,False,6.666666666666667,Card,Online
ORD472,Pizza Hut,"Jacksonville, FL",FL,South,2025-01-28 19:15:00,2025-01-28 19:45:00,January,1,Tuesday,1,19,True,False,Large,Non-Veg,4,0.6666666666666666,12,6.0,Medium,2,30,14.4,15.6,False,29.94845360824742,0.05,True,5.0,Wallet,Online
ORD473,Little Caesars,"Fort Worth, TX",TX,South,2025-01-29 20:30:00,2025-01-29 21:10:00,January,1,Wednesday,2,20,True,False,XL,Cheese Burst,5,0.625,20,8.0,High,3,40,19.2,20.8,True,28.84422110552764,11.16,True,5.0,Card,Online
ORD474,Marco's Pizza,"Columbus, OH",OH,Midwest,2025-01-30 18:45:00,2025-01-30 19:05:00,January,1,Thursday,3,18,True,False,Small,Vegan,1,0.4,1,2.5,Low,1,20,6.0,14.0,False,30.28645833333333,-10.29,False,8.0,Cash,Offline
ORD475,Domino's,"Charlotte, NC",NC,South,2025-01-31 19:00:00,2025-01-31 19:50:00,January,1,Friday,4,19,True,False,Large,Non-Veg,4,0.4,12,10.0,High,3,50,24.0,26.0,True,30.25943396226415,19.74,True,5.0,Card,Online
ORD476,Papa John's,"San Francisco, CA",CA,West,2025-02-01 20:00:00,2025-02-01 20:35:00,February,2,Saturday,5,20,True,True,Medium,Gluten-Free,3,0.5454545454545454,6,5.5,Medium,2,35,13.2,21.8,True,28.18627450980392,6.81,True,6.363636363636363,Wallet,Online
ORD477,Pizza Hut,"Indianapolis, IN",IN,Midwest,2025-02-02 18:30:00,2025-02-02 18:50:00,February,2,Sunday,6,18,True,True,Small,Vegan,2,1.0,2,2.0,Low,1,20,4.8,15.2,False,29.94845360824742,-9.95,False,10.0,UPI,Online
ORD478,Little Caesars,"Seattle, WA",WA,West,2025-02-03 19:45:00,2025-02-03 20:25:00,February,2,Monday,0,19,True,False,XL,Stuffed Crust,5,0.6666666666666666,20,7.5,High,3,40,18.0,22.0,True,28.84422110552764,11.16,True,5.333333333333333,Card,Online
ORD479,Marco's Pizza,"Denver, CO",CO,West,2025-02-04 18:00:00,2025-02-04 18:30:00,February,2,Tuesday,1,18,True,False,Medium,Non-Veg,3,0.75,6,4.0,Medium,2,30,9.6,20.4,False,30.28645833333333,-0.29,False,7.5,UPI,Online
ORD480,Domino's,"Washington, DC",DC,South,2025-02-05 20:15:00,2025-02-05 21:00:00,February,2,Wednesday,2,20,True,False,Large,Veg,4,0.4444444444444444,12,9.0,High,3,45,21.6,23.4,True,30.25943396226415,14.74,True,5.0,Cash,Offline
ORD481,Papa John's,"Boston, MA",MA,Northeast,2025-02-06 18:00:00,2025-02-06 18:20:00,February,2,Thursday,3,18,True,False,Medium,Veg,2,0.6666666666666666,4,3.0,Low,1,20,7.199999999999999,12.8,False,28.18627450980392,-8.19,False,6.666666666666667,Card,Online
ORD482,Pizza Hut,"Nashville, TN",TN,South,2025-02-07 19:15:00,2025-02-07 19:45:00,February,2,Friday,4,19,True,False,Large,Non-Veg,4,0.6666666666666666,12,6.0,Medium,2,30,14.4,15.6,False,29.94845360824742,0.05,True,5.0,Wallet,Online
ORD483,Little Caesars,"Baltimore, MD",MD,South,2025-02-08 20:30:00,2025-02-08 21:10:00,February,2,Saturday,5,20,True,True,XL,Cheese Burst,5,0.625,20,8.0,High,3,40,19.2,20.8,True,28.84422110552764,11.16,True,5.0,Card,Online
ORD484,Marco's Pizza,"Louisville, KY",KY,South,2025-02-09 18:45:00,2025-02-09 19:05:00,February,2,Sunday,6,18,True,True,Small,Vegan,1,0.4,1,2.5,Low,1,20,6.0,14.0,False,30.28645833333333,-10.29,False,8.0,Cash,Offline
ORD485,Domino's,"Milwaukee, WI",WI,Midwest,2025-02-10 19:00:00,2025-02-10 19:50:00,February,2,Monday,0,19,True,False,Large,Non-Veg,4,0.4,12,10.0,High,3,50,24.0,26.0,True,30.25943396226415,19.74,True,5.0,Card,Online
ORD486,Papa John's,"Albuquerque, NM",NM,West,2025-02-11 20:00:00,2025-02-11 20:35:00,February,2,Tuesday,1,20,True,False,Medium,Gluten-Free,3,0.5454545454545454,6,5.5,Medium,2,35,13.2,21.8,True,28.18627450980392,6.81,True,6.363636363636363,Wallet,Online
ORD487,Pizza Hut,"Tucson, AZ",AZ,West,2025-02-12 18:30:00,2025-02-12 18:50:00,February,2,Wednesday,2,18,True,False,Small,Vegan,2,1.0,2,2.0,Low,1,20,4.8,15.2,False,29.94845360824742,-9.95,False,10.0,Wallet,Online
ORD488,Little Caesars,"Fresno, CA",CA,West,2025-02-13 19:45:00,2025-02-13 20:25:00,February,2,Thursday,3,19,True,False,XL,Cheese Burst,5,0.6666666666666666,20,7.5,High,3,40,18.0,22.0,True,28.84422110552764,11.16,True,5.333333333333333,Card,Online
ORD489,Marco's Pizza,"Sacramento, CA",CA,West,2025-02-14 18:00:00,2025-02-14 18:20:00,February,2,Friday,4,18,True,False,Medium,Veg,2,0.6666666666666666,4,3.0,Low,1,20,7.199999999999999,12.8,False,30.28645833333333,-10.29,False,6.666666666666667,Card,Online
ORD490,Domino's,"Kansas City, MO",MO,Midwest,2025-02-15 19:15:00,2025-02-15 19:45:00,February,2,Saturday,5,19,True,True,Large,Deep Dish,4,0.6666666666666666,12,6.0,Medium,2,30,14.4,15.6,False,30.25943396226415,-0.26,False,5.0,UPI,Online
ORD491,Papa John's,"Long Beach, CA",CA,West,2025-02-16 20:30:00,2025-02-16 21:10:00,February,2,Sunday,6,20,True,True,XL,Cheese Burst,5,0.625,20,8.0,High,3,40,19.2,20.8,True,28.18627450980392,11.81,True,5.0,Wallet,Online
ORD492,Pizza Hut,"Mesa, AZ",AZ,West,2025-02-17 18:45:00,2025-02-17 19:05:00,February,2,Monday,0,18,True,False,Small,Vegan,1,0.4,1,2.5,Low,1,20,6.0,14.0,False,29.94845360824742,-9.95,False,8.0,Cash,Offline
ORD493,Domino's,"Atlanta, GA",GA,South,2025-02-18 19:00:00,2025-02-18 19:50:00,February,2,Tuesday,1,19,True,False,Large,Non-Veg,4,0.4,12,10.0,High,3,50,24.0,26.0,True,30.25943396226415,19.74,True,5.0,Card,Online
ORD494,Papa John's,"Omaha, NE",NE,Midwest,2025-02-19 20:00:00,2025-02-19 20:35:00,February,2,Wednesday,2,20,True,False,Medium,Gluten-Free,3,0.5454545454545454,6,5.5,Medium,2,35,13.2,21.8,True,28.18627450980392,6.81,True,6.363636363636363,Wallet,Online
ORD495,Pizza Hut,"Raleigh, NC",NC,South,2025-02-20 18:30:00,2025-02-20 18:50:00,February,2,Thursday,3,18,True,False,Small,Vegan,2,1.0,2,2.0,Low,1,20,4.8,15.2,False,29.94845360824742,-9.95,False,10.0,UPI,Online
ORD496,Little Caesars,"Miami, FL",FL,South,2025-02-21 19:45:00,2025-02-21 20:25:00,February,2,Friday,4,19,True,False,XL,Stuffed Crust,5,0.6666666666666666,20,7.5,High,3,40,18.0,22.0,True,28.84422110552764,11.16,True,5.333333333333333,Card,Online
ORD497,Marco's Pizza,"Tulsa, OK",OK,South,2025-02-22 18:00:00,2025-02-22 18:30:00,February,2,Saturday,5,18,True,True,Medium,Non-Veg,3,0.75,6,4.0,Medium,2,30,9.6,20.4,False,30.28645833333333,-0.29,False,7.5,UPI,Online
ORD498,Domino's,"Minneapolis, MN",MN,Midwest,2025-02-23 20:15:00,2025-02-23 21:00:00,February,2,Sunday,6,20,True,True,Large,Veg,4,0.4444444444444444,12,9.0,High,3,45,21.6,23.4,True,30.25943396226415,14.74,True,5.0,Cash,Offline
ORD499,Papa John's,"Arlington, TX",TX,South,2025-02-24 18:00:00,2025-02-24 18:20:00,February,2,Monday,0,18,True,False,Medium,Veg,2,0.6666666666666666,4,3.0,Low,1,20,7.199999999999999,12.8,False,28.18627450980392,-8.19,False,6.666666666666667,Card,Online
ORD500,Pizza Hut,"New Orleans, LA",LA,South,2025-02-25 19:15:00,2025-02-25 19:45:00,February,2,Tuesday,1,19,True,False,Large,Non-Veg,4,0.6666666666666666,12,6.0,Medium,2,30,14.4,15.6,False,29.94845360824742,0.05,True,5.0,Wallet,Online
ORD501,Little Caesars,"Wichita, KS",KS,Midwest,2025-02-26 20:30:00,2025-02-26 21:10:00,February,2,Wednesday,2,20,True,False,XL,Cheese Burst,5,0.625,20,8.0,High,3,40,19.2,20.8,True,28.84422110552764,11.16,True,5.0,Card,Online
ORD502,Marco's Pizza,"Cleveland, OH",OH,Midwest,2025-02-27 18:45:00,2025-02-27 19:05:00,February,2,Thursday,3,18,True,False,Small,Vegan,1,0.4,1,2.5,Low,1,20,6.0,14.0,False,30.28645833333333,-10.29,False,8.0,Cash,Offline
ORD503,Domino's,"Tampa, FL",FL,South,2025-02-28 19:00:00,2025-02-28 19:50:00,February,2,Friday,4,19,True,False,Large,Non-Veg,4,0.4,12,10.0,High,3,50,24.0,26.0,True,30.25943396226415,19.74,True,5.0,Domino's Cash,Offline
ORD504,Papa John's,"Bakersfield, CA",CA,West,2025-03-01 20:00:00,2025-03-01 20:35:00,March,3,Saturday,5,20,True,True,Medium,Gluten-Free,3,0.5454545454545454,6,5.5,Medium,2,35,13.2,21.8,True,28.18627450980392,6.81,True,6.363636363636363,Wallet,Online
ORD505,Pizza Hut,"Aurora, CO",CO,West,2025-03-02 18:30:00,2025-03-02 18:50:00,March,3,Sunday,6,18,True,True,Small,Vegan,2,1.0,2,2.0,Low,1,20,4.8,15.2,False,29.94845360824742,-9.95,False,10.0,UPI,Online
ORD506,Little Caesars,"Anaheim, CA",CA,West,2025-03-03 19:45:00,2025-03-03 20:25:00,March,3,Monday,0,19,True,False,XL,Stuffed Crust,5,0.6666666666666666,20,7.5,High,3,40,18.0,22.0,True,28.84422110552764,11.16,True,5.333333333333333,Card,Online
ORD507,Marco's Pizza,"Honolulu, HI",HI,West,2025-03-04 18:00:00,2025-03-04 18:30:00,March,3,Tuesday,1,18,True,False,Medium,Non-Veg,3,0.75,6,4.0,Medium,2,30,9.6,20.4,False,30.28645833333333,-0.29,False,7.5,UPI,Online
ORD508,Domino's,"Lexington, KY",KY,South,2025-03-05 20:15:00,2025-03-05 21:00:00,March,3,Wednesday,2,20,True,False,Large,Veg,4,0.4444444444444444,12,9.0,High,3,45,21.6,23.4,True,30.25943396226415,14.74,True,5.0,Cash,Offline
ORD509,Papa John's,"Stockton, CA",CA,West,2025-03-06 18:00:00,2025-03-06 18:20:00,March,3,Thursday,3,18,True,False,Medium,Veg,2,0.6666666666666666,4,3.0,Low,1,20,7.199999999999999,12.8,False,28.18627450980392,-8.19,False,6.666666666666667,Card,Online
ORD510,Pizza Hut,"Corpus Christi, TX",TX,South,2025-03-07 19:15:00,2025-03-07 19:45:00,March,3,Friday,4,19,True,False,Large,Non-Veg,4,0.6666666666666666,12,6.0,Medium,2,30,14.4,15.6,False,29.94845360824742,0.05,True,5.0,Wallet,Online
ORD511,Little Caesars,"Henderson, NV",NV,West,2025-03-08 20:30:00,2025-03-08 21:10:00,March,3,Saturday,5,20,True,True,XL,Cheese Burst,5,0.625,20,8.0,High,3,40,19.2,20.8,True,28.84422110552764,11.16,True,5.0,Card,Online
ORD512,Marco's Pizza,"Riverside, CA",CA,West,2025-03-09 18:45:00,2025-03-09 19:05:00,March,3,Sunday,6,18,True,True,Small,Vegan,1,0.4,1,2.5,Low,1,20,6.0,14.0,False,30.28645833333333,-10.29,False,8.0,Cash,Offline
ORD513,Domino's,"Newark, NJ",NJ,Northeast,2025-03-10 19:00:00,2025-03-10 19:50:00,March,3,Monday,0,19,True,False,Large,Non-Veg,4,0.4,12,10.0,High,3,50,24.0,26.0,True,30.25943396226415,19.74,True,5.0,Card,Online
ORD514,Papa John's,"St. Paul, MN",MN,Midwest,2025-03-11 20:00:00,2025-03-11 20:35:00,March,3,Tuesday,1,20,True,False,Medium,Gluten-Free,3,0.5454545454545454,6,5.5,Medium,2,35,13.2,21.8,True,28.18627450980392,6.81,True,6.363636363636363,Wallet,Online
ORD515,Pizza Hut,"Plano, TX",TX,South,2025-03-12 18:30:00,2025-03-12 18:50:00,March,3,Wednesday,2,18,True,False,Small,Vegan,2,1.0,2,2.0,Low,1,20,4.8,15.2,False,29.94845360824742,-9.95,False,10.0,UPI,Online
ORD516,Little Caesars,"Lincoln, NE",NE,Midwest,2025-03-13 19:45:00,2025-03-13 20:25:00,March,3,Thursday,3,19,True,False,XL,Cheese Burst,5,0.6666666666666666,20,7.5,High,3,40,18.0,22.0,True,28.84422110552764,11.16,True,5.333333333333333,Card,Online
ORD517,Marco's Pizza,"Boise, ID",ID,West,2025-03-14 18:00:00,2025-03-14 18:20:00,March,3,Friday,4,18,True,False,Medium,Veg,2,0.6666666666666666,4,3.0,Low,1,20,7.199999999999999,12.8,False,30.28645833333333,-10.29,False,6.666666666666667,Card,Online
ORD518,Domino's,"Reno, NV",NV,West,2025-03-15 19:15:00,2025-03-15 19:45:00,March,3,Saturday,5,19,True,True,Large,Deep Dish,4,0.6666666666666666,12,6.0,Medium,2,30,14.4,15.6,False,30.25943396226415,-0.26,False,5.0,UPI,Online
ORD519,Papa John's,"Scottsdale, AZ",AZ,West,2025-03-16 20:30:00,2025-03-16 21:10:00,March,3,Sunday,6,20,True,True,XL,Cheese Burst,5,0.625,20,8.0,High,3,40,19.2,20.8,True,28.18627450980392,11.81,True,5.0,Wallet,Online
ORD520,Pizza Hut,"Irving, TX",TX,South,2025-03-17 18:45:00,2025-03-17 19:05:00,March,3,Monday,0,18,True,False,Small,Vegan,1,0.4,1,2.5,Low,1,20,6.0,14.0,False,29.94845360824742,-9.95,False,8.0,Cash,Offline
ORD521,Domino's,"Orlando, FL",FL,South,2025-03-18 19:00:00,2025-03-18 19:50:00,March,3,Tuesday,1,19,True,False,Large,Non-Veg,4,0.4,12,10.0,High,3,50,24.0,26.0,True,30.25943396226415,19.74,True,5.0,Card,Online
ORD522,Papa John's,"Madison, WI",WI,Midwest,2025-03-19 20:00:00,2025-03-19 20:35:00,March,3,Wednesday,2,20,True,False,Medium,Gluten-Free,3,0.5454545454545454,6,5.5,Medium,2,35,13.2,21.8,True,28.18627450980392,6.81,True,6.363636363636363,Wallet,Online
ORD523,Pizza Hut,"Lubbock, TX",TX,South,2025-03-20 18:30:00,2025-03-20 18:50:00,March,3,Thursday,3,18,True,False,Small,Vegan,2,1.0,2,2.0,Low,1,20,4.8,15.2,False,29.94845360824742,-9.95,False,10.0,UPI,Online
ORD524,Little Caesars,"Chandler, AZ",AZ,West,2025-03-21 19:45:00,2025-03-21 20:25:00,March,3,Friday,4,19,True,False,XL,Stuffed Crust,5,0.6666666666666666,20,7.5,High,3,40,18.0,22.0,True,28.84422110552764,11.16,True,5.333333333333333,Card,Online
ORD525,Marco's Pizza,"Garland, TX",TX,South,2025-03-22 18:00:00,2025-03-22 18:30:00,March,3,Saturday,5,18,True,True,Medium,Non-Veg,3,0.75,6,4.0,Medium,2,30,9.6,20.4,False,30.28645833333333,-0.29,False,7.5,UPI,Online
ORD526,Domino's,"Glendale, AZ",AZ,West,2025-03-23 20:15:00,2025-03-23 21:00:00,March,3,Sunday,6,20,True,True,Large,Veg,4,0.4444444444444444,12,9.0,High,3,45,21.6,23.4,True,30.25943396226415,14.74,True,5.0,Cash,Offline
ORD527,Papa John's,"Akron, OH",OH,Midwest,2025-03-24 18:00:00,2025-03-24 18:20:00,March,3,Monday,0,18,True,False,Medium,Veg,2,0.6666666666666666,4,3.0,Low,1,20,7.199999999999999,12.8,False,28.18627450980392,-8.19,False,6.666666666666667,Card,Online
ORD528,Pizza Hut,"Baton Rouge, LA",LA,South,2025-03-25 19:15:00,2025-03-25 19:45:00,March,3,Tuesday,1,19,True,False,Large,Non-Veg,4,0.6666666666666666,12,6.0,Medium,2,30,14.4,15.6,False,29.94845360824742,0.05,True,5.0,Wallet,Online
ORD529,Little Caesars,"Durham, NC",NC,South,2025-03-26 20:30:00,2025-03-26 21:10:00,March,3,Wednesday,2,20,True,False,XL,Cheese Burst,5,0.625,20,8.0,High,3,40,19.2,20.8,True,28.84422110552764,11.16,True,5.0,Card,Online
ORD530,Marco's Pizza,"Chula Vista, CA",CA,West,2025-03-27 18:45:00,2025-03-27 19:05:00,March,3,Thursday,3,18,True,False,Small,Vegan,1,0.4,1,2.5,Low,1,20,6.0,14.0,False,30.28645833333333,-10.29,False,8.0,Cash,Offline
ORD531,Domino's,"Fort Wayne, IN",IN,Midwest,2025-03-28 19:00:00,2025-03-28 19:50:00,March,3,Friday,4,19,True,False,Large,Non-Veg,4,0.4,12,10.0,High,3,50,24.0,26.0,True,30.25943396226415,19.74,True,5.0,Domino's Cash,Offline
ORD532,Papa John's,"St. Petersburg, FL",FL,South,2025-03-29 20:00:00,2025-03-29 20:35:00,March,3,Saturday,5,20,True,True,Medium,Gluten-Free,3,0.5454545454545454,6,5.5,Medium,2,35,13.2,21.8,True,28.18627450980392,6.81,True,6.363636363636363,Wallet,Online
ORD533,Pizza Hut,"Jersey City, NJ",NJ,Northeast,2025-03-30 18:30:00,2025-03-30 18:50:00,March,3,Sunday,6,18,True,True,Small,Vegan,2,1.0,2,2.0,Low,1,20,4.8,15.2,False,29.94845360824742,-9.95,False,10.0,UPI,Online
ORD534,Little Caesars,"St. Louis, MO",MO,Midwest,2025-03-31 19:45:00,2025-03-31 20:25:00,March,3,Monday,0,19,True,False,XL,Stuffed Crust,5,0.6666666666666666,20,7.5,High,3,40,18.0,22.0,True,28.84422110552764,11.16,True,5.333333333333333,Card,Online
ORD535,Marco's Pizza,"Norfolk, VA",VA,South,2025-04-01 18:00:00,2025-04-01 18:30:00,April,4,Tuesday,1,18,True,False,Medium,Non-Veg,3,0.75,6,4.0,Medium,2,30,9.6,20.4,False,30.28645833333333,-0.29,False,7.5,UPI,Online
ORD536,Domino's,"Laredo, TX",TX,South,2025-04-02 20:15:00,2025-04-02 21:00:00,April,4,Wednesday,2,20,True,False,Large,Veg,4,0.4444444444444444,12,9.0,High,3,45,21.6,23.4,True,30.25943396226415,14.74,True,5.0,Cash,Offline
ORD537,Papa John's,"Chandler, AZ",AZ,West,2025-04-03 18:00:00,2025-04-03 18:20:00,April,4,Thursday,3,18,True,False,Medium,Veg,2,0.6666666666666666,4,3.0,Low,1,20,7.199999999999999,12.8,False,28.18627450980392,-8.19,False,6.666666666666667,Card,Online
ORD538,Pizza Hut,"Lubbock, TX",TX,South,2025-04-04 19:15:00,2025-04-04 19:45:00,April,4,Friday,4,19,True,False,Large,Non-Veg,4,0.6666666666666666,12,6.0,Medium,2,30,14.4,15.6,False,29.94845360824742,0.05,True,5.0,Wallet,Online
ORD539,Little Caesars,"Garland, TX",TX,South,2025-04-05 20:30:00,2025-04-05 21:10:00,April,4,Saturday,5,20,True,True,XL,Cheese Burst,5,0.625,20,8.0,High,3,40,19.2,20.8,True,28.84422110552764,11.16,True,5.0,Card,Online
ORD540,Marco's Pizza,"Glendale, AZ",AZ,West,2025-04-06 18:45:00,2025-04-06 19:05:00,April,4,Sunday,6,18,True,True,Small,Vegan,1,0.4,1,2.5,Low,1,20,6.0,14.0,False,30.28645833333333,-10.29,False,8.0,Cash,Offline
ORD541,Domino's,"Akron, OH",OH,Midwest,2025-04-07 19:00:00,2025-04-07 19:50:00,April,4,Monday,0,19,True,False,Large,Non-Veg,4,0.4,12,10.0,High,3,50,24.0,26.0,True,30.25943396226415,19.74,True,5.0,Card,Online
ORD542,Papa John's,"Baton Rouge, LA",LA,South,2025-04-08 20:00:00,2025-04-08 20:35:00,April,4,Tuesday,1,20,True,False,Medium,Gluten-Free,3,0.5454545454545454,6,5.5,Medium,2,35,13.2,21.8,True,28.18627450980392,6.81,True,6.363636363636363,Wallet,Online
ORD543,Pizza Hut,"Durham, NC",NC,South,2025-04-09 18:30:00,2025-04-09 18:50:00,April,4,Wednesday,2,18,True,False,Small,Vegan,2,1.0,2,2.0,Low,1,20,4.8,15.2,False,29.94845360824742,-9.95,False,10.0,UPI,Online
ORD544,Domino's,"Austin, TX",TX,South,2025-04-10 19:00:00,2025-04-10 19:45:00,April,4,Thursday,3,19,True,False,Large,Thai Chicken,4,0.5714285714285714,12,7.0,Medium,2,45,16.8,28.2,True,30.25943396226415,14.74,True,6.428571428571429,Card,Online
ORD545,Papa John's,"Denver, CO",CO,West,2025-04-11 20:15:00,2025-04-11 20:55:00,April,4,Friday,4,20,True,False,Medium,Sicilian,3,0.4615384615384616,6,6.5,High,3,40,15.6,24.4,True,28.18627450980392,11.81,True,6.153846153846154,Wallet,Online
ORD546,Pizza Hut,"Miami, FL",FL,South,2025-04-12 18:45:00,2025-04-12 19:05:00,April,4,Saturday,5,18,True,True,Small,Vegan,1,0.4,1,2.5,Low,1,20,6.0,14.0,False,29.94845360824742,-9.95,False,8.0,Cash,Offline
ORD547,Little Caesars,"Seattle, WA",WA,West,2025-04-13 19:30:00,2025-04-13 20:10:00,April,4,Sunday,6,19,True,True,XL,Cheese Burst,5,0.625,20,8.0,High,3,40,19.2,20.8,True,28.84422110552764,11.16,True,5.0,Card,Online
ORD548,Marco's Pizza,"Portland, OR",OR,West,2025-04-14 18:00:00,2025-04-14 18:30:00,April,4,Monday,0,18,True,False,Medium,Non-Veg,3,0.75,6,4.0,Medium,2,30,9.6,20.4,False,30.28645833333333,-0.29,False,7.5,UPI,Online
ORD549,Domino's,"Chicago, IL",IL,Midwest,2025-04-15 20:15:00,2025-04-15 21:00:00,April,4,Tuesday,1,20,True,False,Large,Veg,4,0.4444444444444444,12,9.0,High,3,45,21.6,23.4,True,30.25943396226415,14.74,True,5.0,Cash,Offline
ORD550,Papa John's,"Boston, MA",MA,Northeast,2025-04-16 18:00:00,2025-04-16 18:20:00,April,4,Wednesday,2,18,True,False,Medium,Veg,2,0.6666666666666666,4,3.0,Low,1,20,7.199999999999999,12.8,False,28.18627450980392,-8.19,False,6.666666666666667,Card,Online
ORD551,Pizza Hut,"Atlanta, GA",GA,South,2025-04-17 19:15:00,2025-04-17 19:45:00,April,4,Thursday,3,19,True,False,Large,Non-Veg,4,0.6666666666666666,12,6.0,Medium,2,30,14.4,15.6,False,29.94845360824742,0.05,True,5.0,Wallet,Online
ORD552,Little Caesars,"Phoenix, AZ",AZ,West,2025-04-18 20:30:00,2025-04-18 21:10:00,April,4,Friday,4,20,True,False,XL,Cheese Burst,5,0.625,20,8.0,High,3,40,19.2,20.8,True,28.84422110552764,11.16,True,5.0,Card,Online
ORD553,Marco's Pizza,"San Diego, CA",CA,West,2025-04-19 18:45:00,2025-04-19 19:05:00,April,4,Saturday,5,18,True,True,Small,Vegan,1,0.4,1,2.5,Low,1,20,6.0,14.0,False,30.28645833333333,-10.29,False,8.0,Cash,Offline
ORD554,Domino's,"Columbus, OH",OH,Midwest,2025-04-20 19:00:00,2025-04-20 19:50:00,April,4,Sunday,6,19,True,True,Large,Non-Veg,4,0.4,12,10.0,High,3,50,24.0,26.0,True,30.25943396226415,19.74,True,5.0,Domino's Cash,Offline
ORD555,Papa John's,"Charlotte, NC",NC,South,2025-04-21 20:00:00,2025-04-21 20:35:00,April,4,Monday,0,20,True,False,Medium,Gluten-Free,3,0.5454545454545454,6,5.5,Medium,2,35,13.2,21.8,True,28.18627450980392,6.81,True,6.363636363636363,Wallet,Online
ORD556,Pizza Hut,"Nashville, TN",TN,South,2025-04-22 18:30:00,2025-04-22 18:50:00,April,4,Tuesday,1,18,True,False,Small,Vegan,2,1.0,2,2.0,Low,1,20,4.8,15.2,False,29.94845360824742,-9.95,False,10.0,UPI,Online
ORD557,Little Caesars,"Oklahoma City, OK",OK,South,2025-04-23 19:45:00,2025-04-23 20:25:00,April,4,Wednesday,2,19,True,False,XL,Stuffed Crust,5,0.6666666666666666,20,7.5,High,3,40,18.0,22.0,True,28.84422110552764,11.16,True,5.333333333333333,Card,Online
ORD558,Marco's Pizza,"Las Vegas, NV",NV,West,2025-04-24 18:00:00,2025-04-24 18:30:00,April,4,Thursday,3,18,True,False,Medium,Non-Veg,3,0.75,6,4.0,Medium,2,30,9.6,20.4,False,30.28645833333333,-0.29,False,7.5,UPI,Online
ORD559,Domino's,"Indianapolis, IN",IN,Midwest,2025-04-25 20:15:00,2025-04-25 21:00:00,April,4,Friday,4,20,True,False,Large,Veg,4,0.4444444444444444,12,9.0,High,3,45,21.6,23.4,True,30.25943396226415,14.74,True,5.0,Cash,Offline
ORD560,Papa John's,"San Jose, CA",CA,West,2025-04-26 18:00:00,2025-04-26 18:20:00,April,4,Saturday,5,18,True,True,Medium,Veg,2,0.6666666666666666,4,3.0,Low,1,20,7.199999999999999,12.8,False,28.18627450980392,-8.19,False,6.666666666666667,Card,Online
ORD561,Pizza Hut,"Jacksonville, FL",FL,South,2025-04-27 19:15:00,2025-04-27 19:45:00,April,4,Sunday,6,19,True,True,Large,Non-Veg,4,0.6666666666666666,12,6.0,Medium,2,30,14.4,15.6,False,29.94845360824742,0.05,True,5.0,Wallet,Online
ORD562,Little Caesars,"Fort Worth, TX",TX,South,2025-04-28 20:30:00,2025-04-28 21:10:00,April,4,Monday,0,20,True,False,XL,Cheese Burst,5,0.625,20,8.0,High,3,40,19.2,20.8,True,28.84422110552764,11.16,True,5.0,Card,Online
ORD563,Marco's Pizza,"Memphis, TN",TN,South,2025-04-29 18:45:00,2025-04-29 19:05:00,April,4,Tuesday,1,18,True,False,Small,Vegan,1,0.4,1,2.5,Low,1,20,6.0,14.0,False,30.28645833333333,-10.29,False,8.0,Cash,Offline
ORD564,Domino's,"Baltimore, MD",MD,South,2025-04-30 19:00:00,2025-04-30 19:50:00,April,4,Wednesday,2,19,True,False,Large,Non-Veg,4,0.4,12,10.0,High,3,50,24.0,26.0,True,30.25943396226415,19.74,True,5.0,Card,Online
ORD565,Papa John's,"Milwaukee, WI",WI,Midwest,2025-05-01 20:00:00,2025-05-01 20:35:00,May,5,Thursday,3,20,True,False,Medium,Gluten-Free,3,0.5454545454545454,6,5.5,Medium,2,35,13.2,21.8,True,28.18627450980392,6.81,True,6.363636363636363,Wallet,Online
ORD566,Pizza Hut,"Albuquerque, NM",NM,West,2025-05-02 18:30:00,2025-05-02 18:50:00,May,5,Friday,4,18,True,False,Small,Vegan,2,1.0,2,2.0,Low,1,20,4.8,15.2,False,29.94845360824742,-9.95,False,10.0,UPI,Online
ORD567,Little Caesars,"Tucson, AZ",AZ,West,2025-05-03 19:45:00,2025-05-03 20:25:00,May,5,Saturday,5,19,True,True,XL,Stuffed Crust,5,0.6666666666666666,20,7.5,High,3,40,18.0,22.0,True,28.84422110552764,11.16,True,5.333333333333333,Card,Online
ORD568,Marco's Pizza,"Fresno, CA",CA,West,2025-05-04 18:00:00,2025-05-04 18:30:00,May,5,Sunday,6,18,True,True,Medium,Non-Veg,3,0.75,6,4.0,Medium,2,30,9.6,20.4,False,30.28645833333333,-0.29,False,7.5,UPI,Online
ORD569,Domino's,"Sacramento, CA",CA,West,2025-05-05 20:15:00,2025-05-05 21:00:00,May,5,Monday,0,20,True,False,Large,Veg,4,0.4444444444444444,12,9.0,High,3,45,21.6,23.4,True,30.25943396226415,14.74,True,5.0,Cash,Offline
ORD570,Papa John's,"Milwaukee, WI",WI,Midwest,2025-05-01 20:00:00,2025-05-01 20:35:00,May,5,Thursday,3,20,True,False,Medium,Gluten-Free,3,0.5454545454545454,6,5.5,Medium,2,35,13.2,21.8,True,28.18627450980392,6.81,True,6.363636363636363,Wallet,Online
ORD571,Domino's,"New York, NY",NY,Northeast,2025-05-07 19:00:00,2025-05-07 19:45:00,May,5,Wednesday,2,19,True,False,Large,Thai Chicken,4,0.5714285714285714,12,7.0,Medium,2,45,16.8,28.2,True,30.25943396226415,14.74,True,6.428571428571429,Card,Online
ORD572,Papa John's,"Los Angeles, CA",CA,West,2025-05-08 20:15:00,2025-05-08 20:55:00,May,5,Thursday,3,20,True,False,Medium,Sicilian,3,0.4615384615384616,6,6.5,High,3,40,15.6,24.4,True,28.18627450980392,11.81,True,6.153846153846154,Wallet,Online
ORD573,Pizza Hut,"Chicago, IL",IL,Midwest,2025-05-09 18:45:00,2025-05-09 19:05:00,May,5,Friday,4,18,True,False,Small,Vegan,1,0.4,1,2.5,Low,1,20,6.0,14.0,False,29.94845360824742,-9.95,False,8.0,Cash,Offline
ORD574,Little Caesars,"Houston, TX",TX,South,2025-05-10 19:30:00,2025-05-10 20:10:00,May,5,Saturday,5,19,True,True,XL,Cheese Burst,5,0.625,20,8.0,High,3,40,19.2,20.8,True,28.84422110552764,11.16,True,5.0,Card,Online
ORD575,Marco's Pizza,"Phoenix, AZ",AZ,West,2025-05-11 18:00:00,2025-05-11 18:30:00,May,5,Sunday,6,18,True,True,Medium,Non-Veg,3,0.75,6,4.0,Medium,2,30,9.6,20.4,False,30.28645833333333,-0.29,False,7.5,UPI,Online
ORD576,Domino's,"Philadelphia, PA",PA,Northeast,2025-05-12 20:15:00,2025-05-12 21:00:00,May,5,Monday,0,20,True,False,Large,Veg,4,0.4444444444444444,12,9.0,High,3,45,21.6,23.4,True,30.25943396226415,14.74,True,5.0,Cash,Offline
ORD577,Papa John's,"San Antonio, TX",TX,South,2025-05-13 18:00:00,2025-05-13 18:20:00,May,5,Tuesday,1,18,True,False,Medium,Veg,2,0.6666666666666666,4,3.0,Low,1,20,7.199999999999999,12.8,False,28.18627450980392,-8.19,False,6.666666666666667,Card,Online
ORD578,Pizza Hut,"San Diego, CA",CA,West,2025-05-14 19:15:00,2025-05-14 19:45:00,May,5,Wednesday,2,19,True,False,Large,Non-Veg,4,0.6666666666666666,12,6.0,Medium,2,30,14.4,15.6,False,29.94845360824742,0.05,True,5.0,Wallet,Online
ORD579,Little Caesars,"Dallas, TX",TX,South,2025-05-15 20:30:00,2025-05-15 21:10:00,May,5,Thursday,3,20,True,False,XL,Cheese Burst,5,0.625,20,8.0,High,3,40,19.2,20.8,True,28.84422110552764,11.16,True,5.0,Card,Online
ORD580,Marco's Pizza,"San Jose, CA",CA,West,2025-05-16 18:45:00,2025-05-16 19:05:00,May,5,Friday,4,18,True,False,Small,Vegan,1,0.4,1,2.5,Low,1,20,6.0,14.0,False,30.28645833333333,-10.29,False,8.0,Cash,Offline
ORD581,Domino's,"Austin, TX",TX,South,2025-05-17 19:00:00,2025-05-17 19:50:00,May,5,Saturday,5,19,True,True,Large,Non-Veg,4,0.4,12,10.0,High,3,50,24.0,26.0,True,30.25943396226415,19.74,True,5.0,Domino's Cash,Offline
ORD582,Papa John's,"Jacksonville, FL",FL,South,2025-05-18 20:00:00,2025-05-18 20:35:00,May,5,Sunday,6,20,True,True,Medium,Gluten-Free,3,0.5454545454545454,6,5.5,Medium,2,35,13.2,21.8,True,28.18627450980392,6.81,True,6.363636363636363,Wallet,Online
ORD583,Pizza Hut,"Fort Worth, TX",TX,South,2025-05-19 18:30:00,2025-05-19 18:50:00,May,5,Monday,0,18,True,False,Small,Vegan,2,1.0,2,2.0,Low,1,20,4.8,15.2,False,29.94845360824742,-9.95,False,10.0,UPI,Online
ORD584,Little Caesars,"Columbus, OH",OH,Midwest,2025-05-20 19:45:00,2025-05-20 20:25:00,May,5,Tuesday,1,19,True,False,XL,Stuffed Crust,5,0.6666666666666666,20,7.5,High,3,40,18.0,22.0,True,28.84422110552764,11.16,True,5.333333333333333,Card,Online
ORD585,Marco's Pizza,"Charlotte, NC",NC,South,2025-05-21 18:00:00,2025-05-21 18:30:00,May,5,Wednesday,2,18,True,False,Medium,Non-Veg,3,0.75,6,4.0,Medium,2,30,9.6,20.4,False,30.28645833333333,-0.29,False,7.5,UPI,Online
ORD586,Domino's,"San Francisco, CA",CA,West,2025-05-22 20:15:00,2025-05-22 21:00:00,May,5,Thursday,3,20,True,False,Large,Veg,4,0.4444444444444444,12,9.0,High,3,45,21.6,23.4,True,30.25943396226415,14.74,True,5.0,Cash,Offline
ORD587,Papa John's,"Indianapolis, IN",IN,Midwest,2025-05-23 18:00:00,2025-05-23 18:20:00,May,5,Friday,4,18,True,False,Medium,Veg,2,0.6666666666666666,4,3.0,Low,1,20,7.199999999999999,12.8,False,28.18627450980392,-8.19,False,6.666666666666667,Card,Online
ORD588,Pizza Hut,"Seattle, WA",WA,West,2025-05-24 19:15:00,2025-05-24 19:45:00,May,5,Saturday,5,19,True,True,Large,Non-Veg,4,0.6666666666666666,12,6.0,Medium,2,30,14.4,15.6,False,29.94845360824742,0.05,True,5.0,Wallet,Online
ORD589,Little Caesars,"Denver, CO",CO,West,2025-05-25 20:30:00,2025-05-25 21:10:00,May,5,Sunday,6,20,True,True,XL,Cheese Burst,5,0.625,20,8.0,High,3,40,19.2,20.8,True,28.84422110552764,11.16,True,5.0,Card,Online
ORD590,Marco's Pizza,"Washington, DC",DC,South,2025-05-26 18:45:00,2025-05-26 19:05:00,May,5,Monday,0,18,True,False,Small,Vegan,1,0.4,1,2.5,Low,1,20,6.0,14.0,False,30.28645833333333,-10.29,False,8.0,Cash,Offline
ORD591,Domino's,"Boston, MA",MA,Northeast,2025-05-27 19:00:00,2025-05-27 19:50:00,May,5,Tuesday,1,19,True,False,Large,Non-Veg,4,0.4,12,10.0,High,3,50,24.0,26.0,True,30.25943396226415,19.74,True,5.0,Card,Online
ORD592,Papa John's,"El Paso, TX",TX,South,2025-05-28 20:00:00,2025-05-28 20:35:00,May,5,Wednesday,2,20,True,False,Medium,Gluten-Free,3,0.5454545454545454,6,5.5,Medium,2,35,13.2,21.8,True,28.18627450980392,6.81,True,6.363636363636363,Wallet,Online
ORD593,Pizza Hut,"Detroit, MI",MI,Midwest,2025-05-29 18:30:00,2025-05-29 18:50:00,May,5,Thursday,3,18,True,False,Small,Vegan,2,1.0,2,2.0,Low,1,20,4.8,15.2,False,29.94845360824742,-9.95,False,10.0,UPI,Online
ORD594,Little Caesars,"Nashville, TN",TN,South,2025-05-30 19:45:00,2025-05-30 20:25:00,May,5,Friday,4,19,True,False,XL,Stuffed Crust,5,0.6666666666666666,20,7.5,High,3,40,18.0,22.0,True,28.84422110552764,11.16,True,5.333333333333333,Card,Online
ORD595,Marco's Pizza,"Memphis, TN",TN,South,2025-05-31 18:00:00,2025-05-31 18:30:00,May,5,Saturday,5,18,True,True,Medium,Non-Veg,3,0.75,6,4.0,Medium,2,30,9.6,20.4,False,30.28645833333333,-0.29,False,7.5,UPI,Online
ORD596,Domino's,"Portland, OR",OR,West,2025-06-01 20:15:00,2025-06-01 21:00:00,June,6,Sunday,6,20,True,True,Large,Veg,4,0.4444444444444444,12,9.0,High,3,45,21.6,23.4,True,30.25943396226415,14.74,True,5.0,Cash,Offline
ORD597,Papa John's,"Oklahoma City, OK",OK,South,2025-06-02 18:00:00,2025-06-02 18:20:00,June,6,Monday,0,18,True,False,Medium,Veg,2,0.6666666666666666,4,3.0,Low,1,20,7.199999999999999,12.8,False,28.18627450980392,-8.19,False,6.666666666666667,Card,Online
ORD598,Pizza Hut,"Las Vegas, NV",NV,West,2025-06-03 19:15:00,2025-06-03 19:45:00,June,6,Tuesday,1,19,True,False,Large,Non-Veg,4,0.6666666666666666,12,6.0,Medium,2,30,14.4,15.6,False,29.94845360824742,0.05,True,5.0,Wallet,Online
ORD599,Little Caesars,"Atlanta, GA",GA,South,2025-06-04 20:30:00,2025-06-04 21:10:00,June,6,Wednesday,2,20,True,False,XL,Cheese Burst,5,0.625,20,8.0,High,3,40,19.2,20.8,True,28.84422110552764,11.16,True,5.0,Card,Online
ORD600,Marco's Pizza,"Miami, FL",FL,South,2025-06-05 18:45:00,2025-06-05 19:05:00,June,6,Thursday,3,18,True,False,Small,Vegan,1,0.4,1,2.5,Low,1,20,6.0,14.0,False,30.28645833333333,-10.29,False,8.0,Cash,Offline
ORD601,Domino's,"New York, NY",NY,Northeast,2025-06-06 19:00:00,2025-06-06 19:45:00,June,6,Friday,4,19,True,False,Large,Thai Chicken,4,0.5714285714285714,12,7.0,Medium,2,45,16.8,28.2,True,30.25943396226415,14.74,True,6.428571428571429,Card,Online
ORD602,Papa John's,"Los Angeles, CA",CA,West,2025-06-07 20:15:00,2025-06-07 20:55:00,June,6,Saturday,5,20,True,True,Medium,Sicilian,3,0.4615384615384616,6,6.5,High,3,40,15.6,24.4,True,28.18627450980392,11.81,True,6.153846153846154,Wallet,Online
ORD603,Pizza Hut,"Chicago, IL",IL,Midwest,2025-06-08 18:45:00,2025-06-08 19:05:00,June,6,Sunday,6,18,True,True,Small,Vegan,1,0.4,1,2.5,Low,1,20,6.0,14.0,False,29.94845360824742,-9.95,False,8.0,Cash,Offline
ORD604,Little Caesars,"Houston, TX",TX,South,2025-06-09 19:30:00,2025-06-09 20:10:00,June,6,Monday,0,19,True,False,XL,Cheese Burst,5,0.625,20,8.0,High,3,40,19.2,20.8,True,28.84422110552764,11.16,True,5.0,Card,Online
ORD605,Marco's Pizza,"Phoenix, AZ",AZ,West,2025-06-10 18:00:00,2025-06-10 18:30:00,June,6,Tuesday,1,18,True,False,Medium,Non-Veg,3,0.75,6,4.0,Medium,2,30,9.6,20.4,False,30.28645833333333,-0.29,False,7.5,UPI,Online
ORD606,Domino's,"Philadelphia, PA",PA,Northeast,2025-06-11 20:15:00,2025-06-11 21:00:00,June,6,Wednesday,2,20,True,False,Large,Veg,4,0.4444444444444444,12,9.0,High,3,45,21.6,23.4,True,30.25943396226415,14.74,True,5.0,Cash,Offline
ORD607,Papa John's,"San Antonio, TX",TX,South,2025-06-12 18:00:00,2025-06-12 18:20:00,June,6,Thursday,3,18,True,False,Medium,Veg,2,0.6666666666666666,4,3.0,Low,1,20,7.199999999999999,12.8,False,28.18627450980392,-8.19,False,6.666666666666667,Card,Online
ORD608,Pizza Hut,"San Diego, CA",CA,West,2025-06-13 19:15:00,2025-06-13 19:45:00,June,6,Friday,4,19,True,False,Large,Non-Veg,4,0.6666666666666666,12,6.0,Medium,2,30,14.4,15.6,False,29.94845360824742,0.05,True,5.0,Wallet,Online
ORD609,Little Caesars,"Dallas, TX",TX,South,2025-06-14 20:30:00,2025-06-14 21:10:00,June,6,Saturday,5,20,True,True,XL,Cheese Burst,5,0.625,20,8.0,High,3,40,19.2,20.8,True,28.84422110552764,11.16,True,5.0,Card,Online
ORD610,Marco's Pizza,"San Jose, CA",CA,West,2025-06-15 18:45:00,2025-06-15 19:05:00,June,6,Sunday,6,18,True,True,Small,Vegan,1,0.4,1,2.5,Low,1,20,6.0,14.0,False,30.28645833333333,-10.29,False,8.0,Cash,Offline
ORD611,Domino's,"Austin, TX",TX,South,2025-06-16 19:00:00,2025-06-16 19:50:00,June,6,Monday,0,19,True,False,Large,Non-Veg,4,0.4,12,10.0,High,3,50,24.0,26.0,True,30.25943396226415,19.74,True,5.0,Domino's Cash,Offline
ORD612,Papa John's,"Jacksonville, FL",FL,South,2025-06-17 20:00:00,2025-06-17 20:35:00,June,6,Tuesday,1,20,True,False,Medium,Gluten-Free,3,0.5454545454545454,6,5.5,Medium,2,35,13.2,21.8,True,28.18627450980392,6.81,True,6.363636363636363,Wallet,Online
ORD613,Pizza Hut,"Fort Worth, TX",TX,South,2025-06-18 18:30:00,2025-06-18 18:50:00,June,6,Wednesday,2,18,True,False,Small,Vegan,2,1.0,2,2.0,Low,1,20,4.8,15.2,False,29.94845360824742,-9.95,False,10.0,UPI,Online
ORD614,Little Caesars,"Columbus, OH",OH,Midwest,2025-06-19 19:45:00,2025-06-19 20:25:00,June,6,Thursday,3,19,True,False,XL,Stuffed Crust,5,0.6666666666666666,20,7.5,High,3,40,18.0,22.0,True,28.84422110552764,11.16,True,5.333333333333333,Card,Online
ORD615,Marco's Pizza,"Charlotte, NC",NC,South,2025-06-20 18:00:00,2025-06-20 18:30:00,June,6,Friday,4,18,True,False,Medium,Non-Veg,3,0.75,6,4.0,Medium,2,30,9.6,20.4,False,30.28645833333333,-0.29,False,7.5,UPI,Online
ORD616,Domino's,"San Francisco, CA",CA,West,2025-06-21 20:15:00,2025-06-21 21:00:00,June,6,Saturday,5,20,True,True,Large,Veg,4,0.4444444444444444,12,9.0,High,3,45,21.6,23.4,True,30.25943396226415,14.74,True,5.0,Cash,Offline
ORD617,Papa John's,"Indianapolis, IN",IN,Midwest,2025-06-22 18:00:00,2025-06-22 18:20:00,June,6,Sunday,6,18,True,True,Medium,Veg,2,0.6666666666666666,4,3.0,Low,1,20,7.199999999999999,12.8,False,28.18627450980392,-8.19,False,6.666666666666667,Card,Online
ORD618,Pizza Hut,"Seattle, WA",WA,West,2025-06-23 19:15:00,2025-06-23 19:45:00,June,6,Monday,0,19,True,False,Large,Non-Veg,4,0.6666666666666666,12,6.0,Medium,2,30,14.4,15.6,False,29.94845360824742,0.05,True,5.0,Wallet,Online
ORD619,Little Caesars,"Denver, CO",CO,West,2025-06-24 20:30:00,2025-06-24 21:10:00,June,6,Tuesday,1,20,True,False,XL,Cheese Burst,5,0.625,20,8.0,High,3,40,19.2,20.8,True,28.84422110552764,11.16,True,5.0,Card,Online
ORD620,Marco's Pizza,"Washington, DC",DC,South,2025-06-25 18:45:00,2025-06-25 19:05:00,June,6,Wednesday,2,18,True,False,Small,Vegan,1,0.4,1,2.5,Low,1,20,6.0,14.0,False,30.28645833333333,-10.29,False,8.0,Cash,Offline
ORD621,Domino's,"Boston, MA",MA,Northeast,2025-06-26 19:00:00,2025-06-26 19:50:00,June,6,Thursday,3,19,True,False,Large,Non-Veg,4,0.4,12,10.0,High,3,50,24.0,26.0,True,30.25943396226415,19.74,True,5.0,Card,Online
ORD622,Papa John's,"El Paso, TX",TX,South,2025-06-27 20:00:00,2025-06-27 20:35:00,June,6,Friday,4,20,True,False,Medium,Gluten-Free,3,0.5454545454545454,6,5.5,Medium,2,35,13.2,21.8,True,28.18627450980392,6.81,True,6.363636363636363,Wallet,Online
ORD623,Pizza Hut,"Detroit, MI",MI,Midwest,2025-06-28 18:30:00,2025-06-28 18:50:00,June,6,Saturday,5,18,True,True,Small,Vegan,2,1.0,2,2.0,Low,1,20,4.8,15.2,False,29.94845360824742,-9.95,False,10.0,UPI,Online
ORD624,Little Caesars,"Nashville, TN",TN,South,2025-06-29 19:45:00,2025-06-29 20:25:00,June,6,Sunday,6,19,True,True,XL,Stuffed Crust,5,0.6666666666666666,20,7.5,High,3,40,18.0,22.0,True,28.84422110552764,11.16,True,5.333333333333333,Card,Online
ORD625,Domino's,"Austin, TX",TX,South,2025-06-15 19:20:00,2025-06-15 19:55:00,June,6,Sunday,6,19,True,True,Large,Cheese Burst,4,0.7407407407407407,12,5.4,Medium,2,35,12.96,22.04,True,30.25943396226415,4.74,True,6.481481481481481,Card,Online
ORD626,Pizza Hut,"Miami, FL",FL,South,2025-06-15 20:00:00,2025-06-15 20:30:00,June,6,Sunday,6,20,True,True,Medium,Veg,2,0.4878048780487805,4,4.1,Low,1,30,9.839999999999998,20.16,False,29.94845360824742,0.05,True,7.317073170731708,Wallet,Online
ORD627,Little Caesars,"Atlanta, GA",GA,South,2025-06-15 20:05:00,2025-06-15 20:55:00,June,6,Sunday,6,20,True,True,XL,Non-Veg,5,0.574712643678161,20,8.7,High,3,50,20.88,29.12,True,28.84422110552764,21.16,True,5.74712643678161,Cash,Offline
ORD628,Domino's,"Austin, TX",TX,South,2025-06-15 21:00:00,2025-06-15 21:35:00,June,6,Sunday,6,21,True,True,Large,Cheese Burst,4,0.7407407407407407,12,5.4,Medium,2,35,12.96,22.04,True,30.25943396226415,4.74,True,6.481481481481481,Card,Online
ORD629,Papa John's,"Seattle, WA",WA,West,2025-06-16 17:45:00,2025-06-16 18:10:00,June,6,Monday,0,17,False,False,Medium,Gluten-Free,3,0.7692307692307693,6,3.9,Low,1,25,9.36,15.64,False,28.18627450980392,-3.19,False,6.410256410256411,UPI,Online
ORD630,Pizza Hut,"Miami, FL",FL,South,2025-06-16 18:30:00,2025-06-16 19:10:00,June,6,Monday,0,18,True,False,Large,Stuffed Crust,5,0.8333333333333334,15,6.0,Medium,2,40,14.4,25.6,True,29.94845360824742,10.05,True,6.666666666666667,Wallet,Online
ORD631,Domino's,"Phoenix, AZ",AZ,West,2025-06-16 19:00:00,2025-06-16 19:35:00,June,6,Monday,0,19,True,False,Medium,Veg,2,0.4444444444444444,4,4.5,Medium,2,35,10.8,24.2,True,30.25943396226415,4.74,True,7.777777777777778,Hut Points,Offline
ORD632,Pizza Hut,"Dallas, TX",TX,South,2025-06-16 20:15:00,2025-06-16 21:00:00,June,6,Monday,0,20,True,False,Large,Cheese Burst,4,0.5555555555555556,12,7.2,High,3,45,17.28,27.72,True,29.94845360824742,15.05,True,6.25,Card,Online
ORD633,Domino's,"Austin, TX",TX,South,2025-06-16 21:10:00,2025-06-16 21:40:00,June,6,Monday,0,21,True,False,Large,Cheese Burst,4,0.7407407407407407,12,5.4,Medium,2,30,12.96,17.04,False,30.25943396226415,-0.26,False,5.555555555555555,Cash,Offline
ORD634,Little Caesars,"Chicago, IL",IL,Midwest,2025-06-17 18:10:00,2025-06-17 18:50:00,June,6,Tuesday,1,18,True,False,XL,Sicilian,5,0.6410256410256411,20,7.8,High,3,40,18.72,21.28,True,28.84422110552764,11.16,True,5.128205128205129,UPI,Online
ORD635,Marco's Pizza,"Tampa, FL",FL,South,2025-06-17 19:15:00,2025-06-17 19:40:00,June,6,Tuesday,1,19,True,False,Small,Thai Chicken,3,0.9375,3,3.2,Medium,2,25,7.68,17.32,False,26.66666666666667,-1.67,False,7.8125,Card,Online
ORD636,Pizza Hut,"Miami, FL",FL,South,2025-06-17 20:00:00,2025-06-17 20:30:00,June,6,Tuesday,1,20,True,False,Medium,Veg,2,0.4878048780487805,4,4.1,Low,1,30,9.839999999999998,20.16,False,29.94845360824742,0.05,True,7.317073170731708,Wallet,Online
ORD637,Papa John's,"San Diego, CA",CA,West,2025-06-18 17:45:00,2025-06-18 18:35:00,June,6,Wednesday,2,17,False,False,Large,Non-Veg,4,0.4819277108433734,12,8.3,High,3,50,19.92,30.08,True,28.18627450980392,21.81,True,6.024096385542168,Card,Online
ORD638,Domino's,"Austin, TX",TX,South,2025-06-18 19:05:00,2025-06-18 19:40:00,June,6,Wednesday,2,19,True,False,Large,Cheese Burst,4,0.7407407407407407,12,5.4,Medium,2,35,12.96,22.04,True,30.25943396226415,4.74,True,6.481481481481481,UPI,Online
ORD639,Marco's Pizza,"Charlotte, NC",NC,South,2025-06-18 20:00:00,2025-06-18 20:25:00,June,6,Wednesday,2,20,True,False,Medium,Non-Veg,3,0.75,6,4.0,Low,1,25,9.6,15.4,False,26.66666666666667,-1.67,False,6.25,Wallet,Online
ORD640,Pizza Hut,"Miami, FL",FL,South,2025-06-18 21:00:00,2025-06-18 21:30:00,June,6,Wednesday,2,21,True,False,Medium,Veg,2,0.4878048780487805,4,4.1,Low,1,30,9.839999999999998,20.16,False,29.94845360824742,0.05,True,7.317073170731708,Card,Online
ORD641,Domino's,"Los Angeles, CA",CA,West,2025-06-19 18:15:00,2025-06-19 18:55:00,June,6,Thursday,3,18,True,False,Large,Cheese Burst,5,0.7936507936507937,15,6.3,Medium,2,40,15.12,24.88,True,30.25943396226415,9.74,True,6.34920634920635,Cash,Offline
ORD642,Little Caesars,"Denver, CO",CO,West,2025-06-19 19:10:00,2025-06-19 19:55:00,June,6,Thursday,3,19,True,False,XL,Vegan,2,0.2857142857142857,8,7.0,High,3,45,16.8,28.2,True,28.84422110552764,16.16,True,6.428571428571429,Wallet,Online
ORD643,Domino's,"Austin, TX",TX,South,2025-06-19 20:00:00,2025-06-19 20:30:00,June,6,Thursday,3,20,True,False,Large,Cheese Burst,4,0.7407407407407407,12,5.4,Medium,2,30,12.96,17.04,False,30.25943396226415,-0.26,False,5.555555555555555,Card,Online
ORD644,Marco's Pizza,"Tampa, FL",FL,South,2025-06-20 18:10:00,2025-06-20 18:40:00,June,6,Friday,4,18,True,False,Small,Thai Chicken,3,0.9375,3,3.2,Medium,2,30,7.68,22.32,False,26.66666666666667,3.33,True,9.375,Cash,Offline
ORD645,Pizza Hut,"Dallas, TX",TX,South,2025-06-20 19:00:00,2025-06-20 19:30:00,June,6,Friday,4,19,True,False,Medium,Stuffed Crust,4,0.6896551724137931,8,5.8,Medium,2,30,13.92,16.08,False,29.94845360824742,0.05,True,5.172413793103448,Card,Online
ORD646,Domino's,"San Francisco, CA",CA,West,2025-07-21 19:00:00,2025-07-21 19:50:00,July,7,Monday,0,19,True,False,Large,Non-Veg,4,0.4,12,10.0,High,3,50,24.0,26.0,True,30.25943396226415,19.74,True,5.0,Card,Online
ORD647,Papa John's,"Indianapolis, IN",IN,Midwest,2025-07-22 20:00:00,2025-07-22 20:35:00,July,7,Tuesday,1,20,True,False,Medium,Gluten-Free,3,0.5454545454545454,6,5.5,Medium,2,35,13.2,21.8,True,28.18627450980392,6.81,True,6.363636363636363,Wallet,Online
ORD648,Pizza Hut,"Seattle, WA",WA,West,2025-07-23 18:30:00,2025-07-23 18:50:00,July,7,Wednesday,2,18,True,False,Small,Vegan,2,1.0,2,2.0,Low,1,20,4.8,15.2,False,29.94845360824742,-9.95,False,10.0,UPI,Online
ORD649,Little Caesars,"Denver, CO",CO,West,2025-07-24 19:45:00,2025-07-24 20:25:00,July,7,Thursday,3,19,True,False,XL,Cheese Burst,5,0.625,20,8.0,High,3,40,19.2,20.8,True,28.84422110552764,11.16,True,5.0,Card,Online
ORD650,Marco's Pizza,"Boston, MA",MA,Northeast,2025-07-25 18:15:00,2025-07-25 18:45:00,July,7,Friday,4,18,True,False,Medium,Thai Chicken,3,0.75,6,4.0,Medium,2,30,9.6,20.4,False,30.28645833333333,-0.29,False,7.5,UPI,Online
ORD651,Domino's,"Nashville, TN",TN,South,2025-07-26 19:30:00,2025-07-26 20:10:00,July,7,Saturday,5,19,True,True,Large,Sicilian,4,0.6153846153846154,12,6.5,High,3,40,15.6,24.4,True,30.25943396226415,9.74,True,6.153846153846154,Cash,Offline
ORD652,Papa John's,"Detroit, MI",MI,Midwest,2025-07-27 20:45:00,2025-07-27 21:15:00,July,7,Sunday,6,20,True,True,Medium,Veg,2,0.5714285714285714,4,3.5,Low,1,30,8.4,21.6,False,28.18627450980392,1.81,True,8.571428571428571,Card,Online
ORD653,Pizza Hut,"El Paso, TX",TX,South,2025-07-28 18:00:00,2025-07-28 18:30:00,July,7,Monday,0,18,True,False,Large,Non-Veg,4,0.8,12,5.0,Medium,2,30,12.0,18.0,False,29.94845360824742,0.05,True,6.0,Wallet,Online
ORD654,Little Caesars,"Washington, DC",DC,South,2025-07-29 19:15:00,2025-07-29 19:55:00,July,7,Tuesday,1,19,True,False,XL,Cheese Burst,5,0.7142857142857143,20,7.0,High,3,40,16.8,23.2,True,28.84422110552764,11.16,True,5.714285714285714,Card,Online
ORD655,Marco's Pizza,"Las Vegas, NV",NV,West,2025-07-30 20:30:00,2025-07-30 21:00:00,July,7,Wednesday,2,20,True,False,Medium,Vegan,2,0.5,4,4.0,Medium,2,30,9.6,20.4,False,30.28645833333333,-0.29,False,7.5,UPI,Online
ORD656,Domino's,"Louisville, KY",KY,South,2025-07-31 18:45:00,2025-07-31 19:25:00,July,7,Thursday,3,18,True,False,Large,Non-Veg,4,0.6666666666666666,12,6.0,High,3,40,14.4,25.6,True,30.25943396226415,9.74,True,6.666666666666667,Domino's Cash,Offline
ORD657,Papa John's,"Baltimore, MD",MD,South,2025-08-01 20:00:00,2025-08-01 20:30:00,August,8,Friday,4,20,True,False,Medium,Gluten-Free,3,0.6,6,5.0,Medium,2,30,12.0,18.0,False,28.18627450980392,1.81,True,6.0,Wallet,Online
ORD658,Pizza Hut,"Milwaukee, WI",WI,Midwest,2025-08-02 18:30:00,2025-08-02 19:00:00,August,8,Saturday,5,18,True,True,Small,Vegan,2,0.6666666666666666,2,3.0,Low,1,30,7.199999999999999,22.8,False,29.94845360824742,0.05,True,10.0,UPI,Online
ORD659,Little Caesars,"Albuquerque, NM",NM,West,2025-08-03 19:45:00,2025-08-03 20:25:00,August,8,Sunday,6,19,True,True,XL,Stuffed Crust,5,0.625,20,8.0,High,3,40,19.2,20.8,True,28.84422110552764,11.16,True,5.0,Card,Online
ORD660,Marco's Pizza,"Tucson, AZ",AZ,West,2025-08-04 18:00:00,2025-08-04 18:30:00,August,8,Monday,0,18,True,False,Medium,Non-Veg,3,0.75,6,4.0,Medium,2,30,9.6,20.4,False,30.28645833333333,-0.29,False,7.5,UPI,Online
ORD661,Domino's,"Fresno, CA",CA,West,2025-08-05 19:15:00,2025-08-05 19:55:00,August,8,Tuesday,1,19,True,False,Large,Veg,4,0.6666666666666666,12,6.0,High,3,40,14.4,25.6,True,30.25943396226415,9.74,True,6.666666666666667,Cash,Offline
ORD662,Papa John's,"Sacramento, CA",CA,West,2025-08-06 20:30:00,2025-08-06 21:00:00,August,8,Wednesday,2,20,True,False,Medium,Veg,2,0.5714285714285714,4,3.5,Low,1,30,8.4,21.6,False,28.18627450980392,1.81,True,8.571428571428571,Card,Online
ORD663,Pizza Hut,"Kansas City, MO",MO,Midwest,2025-08-07 18:45:00,2025-08-07 19:15:00,August,8,Thursday,3,18,True,False,Large,Non-Veg,4,0.7272727272727273,12,5.5,Medium,2,30,13.2,16.8,False,29.94845360824742,0.05,True,5.454545454545454,Wallet,Online
ORD664,Little Caesars,"Mesa, AZ",AZ,West,2025-08-08 20:00:00,2025-08-08 20:40:00,August,8,Friday,4,20,True,False,XL,Cheese Burst,5,0.6666666666666666,20,7.5,High,3,40,18.0,22.0,True,28.84422110552764,11.16,True,5.333333333333333,Card,Online
ORD665,Marco's Pizza,"Atlanta, GA",GA,South,2025-08-09 18:15:00,2025-08-09 18:45:00,August,8,Saturday,5,18,True,True,Small,Vegan,1,0.4,1,2.5,Low,1,30,6.0,24.0,False,30.28645833333333,-0.29,False,12.0,Cash,Offline
ORD666,Domino's,"Omaha, NE",NE,Midwest,2025-08-10 19:30:00,2025-08-10 20:10:00,August,8,Sunday,6,19,True,True,Large,Non-Veg,4,0.6153846153846154,12,6.5,High,3,40,15.6,24.4,True,30.25943396226415,9.74,True,6.153846153846154,Card,Online
ORD667,Papa John's,"Raleigh, NC",NC,South,2025-08-11 20:45:00,2025-08-11 21:15:00,August,8,Monday,0,20,True,False,Medium,Gluten-Free,3,0.6,6,5.0,Medium,2,30,12.0,18.0,False,28.18627450980392,1.81,True,6.0,Wallet,Online
ORD668,Pizza Hut,"Long Beach, CA",CA,West,2025-08-12 18:00:00,2025-08-12 18:30:00,August,8,Tuesday,1,18,True,False,Small,Vegan,2,0.6666666666666666,2,3.0,Low,1,30,7.199999999999999,22.8,False,29.94845360824742,0.05,True,10.0,UPI,Online
ORD669,Little Caesars,"Virginia Beach, VA",VA,South,2025-08-13 19:15:00,2025-08-13 19:55:00,August,8,Wednesday,2,19,True,False,XL,Cheese Burst,5,0.7142857142857143,20,7.0,High,3,40,16.8,23.2,True,28.84422110552764,11.16,True,5.714285714285714,Card,Online
ORD670,Marco's Pizza,"Oakland, CA",CA,West,2025-08-14 20:30:00,2025-08-14 21:00:00,August,8,Thursday,3,20,True,False,Medium,Non-Veg,3,0.75,6,4.0,Medium,2,30,9.6,20.4,False,30.28645833333333,-0.29,False,7.5,UPI,Online
ORD671,Domino's,"San Jose, CA",CA,West,2025-08-15 19:00:00,2025-08-15 19:35:00,August,8,Friday,4,19,True,False,Large,Cheese Burst,4,0.8,12,5.0,Medium,2,35,12.0,23.0,True,30.25943396226415,4.74,True,7.0,Card,Online
ORD672,Pizza Hut,"Austin, TX",TX,South,2025-08-16 18:30:00,2025-08-16 19:10:00,August,8,Saturday,5,18,True,True,Medium,Veg,2,0.3333333333333333,4,6.0,High,3,40,14.4,25.6,True,29.94845360824742,10.05,True,6.666666666666667,Wallet,Online
ORD673,Papa John's,"Columbus, OH",OH,Midwest,2025-08-17 20:00:00,2025-08-17 20:25:00,August,8,Sunday,6,20,True,True,Medium,Gluten-Free,3,0.8571428571428571,6,3.5,Low,1,25,8.4,16.6,False,28.18627450980392,-3.19,False,7.142857142857143,UPI,Online
ORD674,Little Caesars,"Fort Worth, TX",TX,South,2025-08-18 19:15:00,2025-08-18 19:55:00,August,8,Monday,0,19,True,False,XL,Non-Veg,5,0.7142857142857143,20,7.0,High,3,40,16.8,23.2,True,28.84422110552764,11.16,True,5.714285714285714,Cash,Offline
ORD675,Marco's Pizza,"Jacksonville, FL",FL,South,2025-08-19 18:45:00,2025-08-19 19:15:00,August,8,Tuesday,1,18,True,False,Medium,Thai Chicken,3,0.75,6,4.0,Medium,2,30,9.6,20.4,False,30.28645833333333,-0.29,False,7.5,Card,Online
ORD676,Domino's,"Indianapolis, IN",IN,Midwest,2025-08-20 20:30:00,2025-08-20 21:00:00,August,8,Wednesday,2,20,True,False,Large,Sicilian,4,0.7272727272727273,12,5.5,Medium,2,30,13.2,16.8,False,30.25943396226415,-0.26,False,5.454545454545454,UPI,Online
ORD677,Pizza Hut,"Charlotte, NC",NC,South,2025-08-21 19:00:00,2025-08-21 19:30:00,August,8,Thursday,3,19,True,False,Medium,Veg,2,0.5,4,4.0,Low,1,30,9.6,20.4,False,29.94845360824742,0.05,True,7.5,Wallet,Online
ORD678,Papa John's,"San Francisco, CA",CA,West,2025-08-22 18:15:00,2025-08-22 18:50:00,August,8,Friday,4,18,True,False,Medium,Gluten-Free,3,0.6,6,5.0,Medium,2,35,12.0,23.0,True,28.18627450980392,6.81,True,7.0,Card,Online
ORD679,Little Caesars,"Denver, CO",CO,West,2025-08-23 20:00:00,2025-08-23 20:45:00,August,8,Saturday,5,20,True,True,XL,Cheese Burst,5,0.625,20,8.0,High,3,45,19.2,25.8,True,28.84422110552764,16.16,True,5.625,Cash,Offline
ORD680,Marco's Pizza,"Seattle, WA",WA,West,2025-08-24 19:30:00,2025-08-24 20:00:00,August,8,Sunday,6,19,True,True,Medium,Thai Chicken,3,0.6666666666666666,6,4.5,Medium,2,30,10.8,19.2,False,30.28645833333333,-0.29,False,6.666666666666667,UPI,Online
ORD681,Domino's,"Boston, MA",MA,Northeast,2025-08-25 18:00:00,2025-08-25 18:35:00,August,8,Monday,0,18,True,False,Large,Non-Veg,4,0.6666666666666666,12,6.0,Medium,2,35,14.4,20.6,True,30.25943396226415,4.74,True,5.833333333333333,Card,Online
ORD682,Pizza Hut,"Detroit, MI",MI,Midwest,2025-08-26 19:15:00,2025-08-26 19:45:00,August,8,Tuesday,1,19,True,False,Medium,Veg,2,0.5,4,4.0,Low,1,30,9.6,20.4,False,29.94845360824742,0.05,True,7.5,Wallet,Online
ORD683,Papa John's,"Memphis, TN",TN,South,2025-08-27 20:30:00,2025-08-27 21:00:00,August,8,Wednesday,2,20,True,False,Medium,Gluten-Free,3,0.6,6,5.0,Medium,2,30,12.0,18.0,False,28.18627450980392,1.81,True,6.0,UPI,Online
ORD684,Little Caesars,"Baltimore, MD",MD,South,2025-08-28 18:45:00,2025-08-28 19:25:00,August,8,Thursday,3,18,True,False,XL,Cheese Burst,5,0.6666666666666666,20,7.5,High,3,40,18.0,22.0,True,28.84422110552764,11.16,True,5.333333333333333,Card,Online
ORD685,Marco's Pizza,"Nashville, TN",TN,South,2025-08-29 19:00:00,2025-08-29 19:30:00,August,8,Friday,4,19,True,False,Medium,Thai Chicken,3,0.75,6,4.0,Medium,2,30,9.6,20.4,False,30.28645833333333,-0.29,False,7.5,Cash,Offline
ORD686,Domino's,"Portland, OR",OR,West,2025-08-30 20:15:00,2025-08-30 20:45:00,August,8,Saturday,5,20,True,True,Large,Sicilian,4,0.7272727272727273,12,5.5,Medium,2,30,13.2,16.8,False,30.25943396226415,-0.26,False,5.454545454545454,UPI,Online
ORD687,Pizza Hut,"Oklahoma City, OK",OK,South,2025-08-31 18:30:00,2025-08-31 19:00:00,August,8,Sunday,6,18,True,True,Medium,Veg,2,0.5,4,4.0,Low,1,30,9.6,20.4,False,29.94845360824742,0.05,True,7.5,Wallet,Online
ORD688,Papa John's,"Las Vegas, NV",NV,West,2025-09-01 19:45:00,2025-09-01 20:15:00,September,9,Monday,0,19,True,False,Medium,Gluten-Free,3,0.6,6,5.0,Medium,2,30,12.0,18.0,False,28.18627450980392,1.81,True,6.0,Card,Online
ORD689,Little Caesars,"Louisville, KY",KY,South,2025-09-02 20:00:00,2025-09-02 20:40:00,September,9,Tuesday,1,20,True,False,XL,Cheese Burst,5,0.625,20,8.0,High,3,40,19.2,20.8,True,28.84422110552764,11.16,True,5.0,UPI,Online
ORD690,Marco's Pizza,"Milwaukee, WI",WI,Midwest,2025-09-03 18:15:00,2025-09-03 18:45:00,September,9,Wednesday,2,18,True,False,Medium,Thai Chicken,3,0.75,6,4.0,Medium,2,30,9.6,20.4,False,30.28645833333333,-0.29,False,7.5,Card,Online
ORD691,Domino's,"Albuquerque, NM",NM,West,2025-09-04 19:30:00,2025-09-04 20:00:00,September,9,Thursday,3,19,True,False,Large,Non-Veg,4,0.6666666666666666,12,6.0,Medium,2,30,14.4,15.6,False,30.25943396226415,-0.26,False,5.0,Cash,Offline
ORD692,Pizza Hut,"Tucson, AZ",AZ,West,2025-09-05 20:45:00,2025-09-05 21:15:00,September,9,Friday,4,20,True,False,Medium,Veg,2,0.5,4,4.0,Low,1,30,9.6,20.4,False,29.94845360824742,0.05,True,7.5,Wallet,Online
ORD693,Papa John's,"Fresno, CA",CA,West,2025-09-06 18:00:00,2025-09-06 18:30:00,September,9,Saturday,5,18,True,True,Medium,Gluten-Free,3,0.6,6,5.0,Medium,2,30,12.0,18.0,False,28.18627450980392,1.81,True,6.0,UPI,Online
ORD694,Little Caesars,"Sacramento, CA",CA,West,2025-09-07 19:15:00,2025-09-07 19:55:00,September,9,Sunday,6,19,True,True,XL,Cheese Burst,5,0.7142857142857143,20,7.0,High,3,40,16.8,23.2,True,28.84422110552764,11.16,True,5.714285714285714,Card,Online
ORD695,Marco's Pizza,"Kansas City, MO",MO,Midwest,2025-09-08 20:30:00,2025-09-08 21:00:00,September,9,Monday,0,20,True,False,Medium,Thai Chicken,3,0.6666666666666666,6,4.5,Medium,2,30,10.8,19.2,False,30.28645833333333,-0.29,False,6.666666666666667,Cash,Offline
ORD696,Domino's,"Mesa, AZ",AZ,West,2025-09-09 18:45:00,2025-09-09 19:15:00,September,9,Tuesday,1,18,True,False,Large,Sicilian,4,0.7272727272727273,12,5.5,Medium,2,30,13.2,16.8,False,30.25943396226415,-0.26,False,5.454545454545454,UPI,Online
ORD697,Pizza Hut,"Atlanta, GA",GA,South,2025-09-10 19:00:00,2025-09-10 19:30:00,September,9,Wednesday,2,19,True,False,Medium,Veg,2,0.5,4,4.0,Low,1,30,9.6,20.4,False,29.94845360824742,0.05,True,7.5,Wallet,Online
ORD698,Papa John's,"Omaha, NE",NE,Midwest,2025-09-11 20:15:00,2025-09-11 20:45:00,September,9,Thursday,3,20,True,False,Medium,Gluten-Free,3,0.6,6,5.0,Medium,2,30,12.0,18.0,False,28.18627450980392,1.81,True,6.0,UPI,Online
ORD699,Little Caesars,"Louisville, KY",KY,South,2025-09-12 19:30:00,2025-09-12 20:00:00,September,9,Friday,4,19,True,False,XL,Cheese Burst,5,0.8333333333333334,20,6.0,High,3,30,14.4,15.6,False,28.84422110552764,1.16,True,5.0,Card,Online
ORD700,Marco's Pizza,"Milwaukee, WI",WI,Midwest,2025-09-13 18:45:00,2025-09-13 19:15:00,September,9,Saturday,5,18,True,True,Medium,Thai Chicken,3,0.6666666666666666,6,4.5,Medium,2,30,10.8,19.2,False,30.28645833333333,-0.29,False,6.666666666666667,Cash,Offline
ORD701,Domino's,"Albuquerque, NM",NM,West,2025-09-14 20:00:00,2025-09-14 20:30:00,September,9,Sunday,6,20,True,True,Large,Sicilian,4,0.7272727272727273,12,5.5,Medium,2,30,13.2,16.8,False,30.25943396226415,-0.26,False,5.454545454545454,UPI,Online
ORD702,Pizza Hut,"Atlanta, GA",GA,South,2025-09-15 19:15:00,2025-09-15 19:45:00,September,9,Monday,0,19,True,False,Medium,Veg,2,0.5,4,4.0,Low,1,30,9.6,20.4,False,29.94845360824742,0.05,True,7.5,Wallet,Online
ORD703,Papa John's,"Omaha, NE",NE,Midwest,2025-09-16 20:30:00,2025-09-16 21:00:00,September,9,Tuesday,1,20,True,False,Medium,Gluten-Free,3,0.6,6,5.0,Medium,2,30,12.0,18.0,False,28.18627450980392,1.81,True,6.0,Card,Online
ORD704,Little Caesars,"Louisville, KY",KY,South,2025-09-17 19:45:00,2025-09-17 20:15:00,September,9,Wednesday,2,19,True,False,XL,Cheese Burst,5,0.8333333333333334,20,6.0,High,3,30,14.4,15.6,False,28.84422110552764,1.16,True,5.0,UPI,Online
ORD705,Marco's Pizza,"Milwaukee, WI",WI,Midwest,2025-09-18 18:00:00,2025-09-18 18:30:00,September,9,Thursday,3,18,True,False,Medium,Thai Chicken,3,0.6666666666666666,6,4.5,Medium,2,30,10.8,19.2,False,30.28645833333333,-0.29,False,6.666666666666667,Cash,Offline
ORD706,Domino's,"Albuquerque, NM",NM,West,2025-09-19 20:15:00,2025-09-19 20:45:00,September,9,Friday,4,20,True,False,Large,Sicilian,4,0.7272727272727273,12,5.5,Medium,2,30,13.2,16.8,False,30.25943396226415,-0.26,False,5.454545454545454,UPI,Online
ORD707,Pizza Hut,"Atlanta, GA",GA,South,2025-09-20 19:30:00,2025-09-20 20:00:00,September,9,Saturday,5,19,True,True,Medium,Veg,2,0.5,4,4.0,Low,1,30,9.6,20.4,False,29.94845360824742,0.05,True,7.5,Wallet,Online
ORD708,Papa John's,"Omaha, NE",NE,Midwest,2025-09-21 20:45:00,2025-09-21 21:15:00,September,9,Sunday,6,20,True,True,Medium,Gluten-Free,3,0.6,6,5.0,Medium,2,30,12.0,18.0,False,28.18627450980392,1.81,True,6.0,Card,Online
ORD709,Little Caesars,"Louisville, KY",KY,South,2025-09-22 19:00:00,2025-09-22 19:30:00,September,9,Monday,0,19,True,False,XL,Cheese Burst,5,0.8333333333333334,20,6.0,High,3,30,14.4,15.6,False,28.84422110552764,1.16,True,5.0,UPI,Online
ORD710,Marco's Pizza,"Milwaukee, WI",WI,Midwest,2025-09-23 18:15:00,2025-09-23 18:45:00,September,9,Tuesday,1,18,True,False,Medium,Thai Chicken,3,0.6666666666666666,6,4.5,Medium,2,30,10.8,19.2,False,30.28645833333333,-0.29,False,6.666666666666667,Cash,Offline
ORD711,Domino's,"Albuquerque, NM",NM,West,2025-09-24 19:30:00,2025-09-24 20:00:00,September,9,Wednesday,2,19,True,False,Large,Sicilian,4,0.7272727272727273,12,5.5,Medium,2,30,13.2,16.8,False,30.25943396226415,-0.26,False,5.454545454545454,UPI,Online
ORD712,Pizza Hut,"Atlanta, GA",GA,South,2025-09-25 20:45:00,2025-09-25 21:15:00,September,9,Thursday,3,20,True,False,Medium,Veg,2,0.5,4,4.0,Low,1,30,9.6,20.4,False,29.94845360824742,0.05,True,7.5,Wallet,Online
ORD713,Papa John's,"Omaha, NE",NE,Midwest,2025-09-26 18:00:00,2025-09-26 18:30:00,September,9,Friday,4,18,True,False,Medium,Gluten-Free,3,0.6,6,5.0,Medium,2,30,12.0,18.0,False,28.18627450980392,1.81,True,6.0,Card,Online
ORD714,Little Caesars,"Louisville, KY",KY,South,2025-09-27 19:15:00,2025-09-27 19:45:00,September,9,Saturday,5,19,True,True,XL,Cheese Burst,5,0.8333333333333334,20,6.0,High,3,30,14.4,15.6,False,28.84422110552764,1.16,True,5.0,UPI,Online
ORD715,Marco's Pizza,"Milwaukee, WI",WI,Midwest,2025-09-28 20:30:00,2025-09-28 21:00:00,September,9,Sunday,6,20,True,True,Medium,Thai Chicken,3,0.6666666666666666,6,4.5,Medium,2,30,10.8,19.2,False,30.28645833333333,-0.29,False,6.666666666666667,Cash,Offline
ORD716,Domino's,"Albuquerque, NM",NM,West,2025-09-29 19:00:00,2025-09-29 19:30:00,September,9,Monday,0,19,True,False,Large,Sicilian,4,0.7272727272727273,12,5.5,Medium,2,30,13.2,16.8,False,30.25943396226415,-0.26,False,5.454545454545454,UPI,Online
ORD717,Pizza Hut,"Atlanta, GA",GA,South,2025-09-30 20:15:00,2025-09-30 20:45:00,September,9,Tuesday,1,20,True,False,Medium,Veg,2,0.5,4,4.0,Low,1,30,9.6,20.4,False,29.94845360824742,0.05,True,7.5,Wallet,Online
ORD718,Papa John's,"Omaha, NE",NE,Midwest,2025-10-01 18:30:00,2025-10-01 19:00:00,October,10,Wednesday,2,18,True,False,Medium,Gluten-Free,3,0.6,6,5.0,Medium,2,30,12.0,18.0,False,28.18627450980392,1.81,True,6.0,Card,Online
ORD719,Little Caesars,"Louisville, KY",KY,South,2025-10-02 19:45:00,2025-10-02 20:15:00,October,10,Thursday,3,19,True,False,XL,Cheese Burst,5,0.8333333333333334,20,6.0,High,3,30,14.4,15.6,False,28.84422110552764,1.16,True,5.0,UPI,Online
ORD720,Marco's Pizza,"Milwaukee, WI",WI,Midwest,2025-10-03 18:00:00,2025-10-03 18:30:00,October,10,Friday,4,18,True,False,Medium,Thai Chicken,3,0.6666666666666666,6,4.5,Medium,2,30,10.8,19.2,False,30.28645833333333,-0.29,False,6.666666666666667,Cash,Offline
ORD721,Domino's,"Albuquerque, NM",NM,West,2025-10-04 19:15:00,2025-10-04 19:45:00,October,10,Saturday,5,19,True,True,Large,Sicilian,4,0.7272727272727273,12,5.5,Medium,2,30,13.2,16.8,False,30.25943396226415,-0.26,False,5.454545454545454,UPI,Online
ORD722,Pizza Hut,"Atlanta, GA",GA,South,2025-10-05 20:30:00,2025-10-05 21:00:00,October,10,Sunday,6,20,True,True,Medium,Veg,2,0.5,4,4.0,Low,1,30,9.6,20.4,False,29.94845360824742,0.05,True,7.5,Wallet,Online
ORD723,Papa John's,"Omaha, NE",NE,Midwest,2025-10-06 18:45:00,2025-10-06 19:15:00,October,10,Monday,0,18,True,False,Medium,Gluten-Free,3,0.6,6,5.0,Medium,2,30,12.0,18.0,False,28.18627450980392,1.81,True,6.0,Card,Online
ORD724,Little Caesars,"Louisville, KY",KY,South,2025-10-07 19:00:00,2025-10-07 19:30:00,October,10,Tuesday,1,19,True,False,XL,Cheese Burst,5,0.8333333333333334,20,6.0,High,3,30,14.4,15.6,False,28.84422110552764,1.16,True,5.0,UPI,Online
ORD725,Marco's Pizza,"Milwaukee, WI",WI,Midwest,2025-10-08 20:15:00,2025-10-08 20:45:00,October,10,Wednesday,2,20,True,False,Medium,Thai Chicken,3,0.6666666666666666,6,4.5,Medium,2,30,10.8,19.2,False,30.28645833333333,-0.29,False,6.666666666666667,UPI,Online
ORD726,Papa John's,"Omaha, NE",NE,Midwest,2025-10-09 20:30:00,2025-10-09 21:00:00,October,10,Thursday,3,20,True,False,Medium,Gluten-Free,3,0.6,6,5.0,Medium,2,30,12.0,18.0,False,28.18627450980392,1.81,True,6.0,UPI,Online
ORD727,Little Caesars,"Louisville, KY",KY,South,2025-10-10 19:45:00,2025-10-10 20:15:00,October,10,Friday,4,19,True,False,XL,Cheese Burst,5,0.8333333333333334,20,6.0,High,3,30,14.4,15.6,False,28.84422110552764,1.16,True,5.0,Card,Online
ORD728,Marco's Pizza,"Milwaukee, WI",WI,Midwest,2025-10-11 18:00:00,2025-10-11 18:30:00,October,10,Saturday,5,18,True,True,Medium,Thai Chicken,3,0.6666666666666666,6,4.5,Medium,2,30,10.8,19.2,False,30.28645833333333,-0.29,False,6.666666666666667,Cash,Offline
ORD729,Domino's,"Albuquerque, NM",NM,West,2025-10-12 19:15:00,2025-10-12 19:45:00,October,10,Sunday,6,19,True,True,Large,Sicilian,4,0.7272727272727273,12,5.5,Medium,2,30,13.2,16.8,False,30.25943396226415,-0.26,False,5.454545454545454,UPI,Online
ORD730,Pizza Hut,"Atlanta, GA",GA,South,2025-10-13 20:30:00,2025-10-13 21:00:00,October,10,Monday,0,20,True,False,Medium,Veg,2,0.5,4,4.0,Low,1,30,9.6,20.4,False,29.94845360824742,0.05,True,7.5,Wallet,Online
ORD731,Papa John's,"Omaha, NE",NE,Midwest,2025-10-14 18:45:00,2025-10-14 19:15:00,October,10,Tuesday,1,18,True,False,Medium,Gluten-Free,3,0.6,6,5.0,Medium,2,30,12.0,18.0,False,28.18627450980392,1.81,True,6.0,Card,Online
ORD732,Little Caesars,"Louisville, KY",KY,South,2025-10-15 19:00:00,2025-10-15 19:30:00,October,10,Wednesday,2,19,True,False,XL,Cheese Burst,5,0.8333333333333334,20,6.0,High,3,30,14.4,15.6,False,28.84422110552764,1.16,True,5.0,UPI,Online
ORD733,Marco's Pizza,"Milwaukee, WI",WI,Midwest,2025-10-16 20:15:00,2025-10-16 20:45:00,October,10,Thursday,3,20,True,False,Medium,Thai Chicken,3,0.6666666666666666,6,4.5,Medium,2,30,10.8,19.2,False,30.28645833333333,-0.29,False,6.666666666666667,Cash,Offline
ORD734,Domino's,"Albuquerque, NM",NM,West,2025-10-17 19:30:00,2025-10-17 20:00:00,October,10,Friday,4,19,True,False,Large,Sicilian,4,0.7272727272727273,12,5.5,Medium,2,30,13.2,16.8,False,30.25943396226415,-0.26,False,5.454545454545454,UPI,Online
ORD735,Pizza Hut,"Atlanta, GA",GA,South,2025-10-18 20:45:00,2025-10-18 21:15:00,October,10,Saturday,5,20,True,True,Medium,Veg,2,0.5,4,4.0,Low,1,30,9.6,20.4,False,29.94845360824742,0.05,True,7.5,Wallet,Online
ORD736,Papa John's,"Omaha, NE",NE,Midwest,2025-10-19 18:00:00,2025-10-19 18:30:00,October,10,Sunday,6,18,True,True,Medium,Gluten-Free,3,0.6,6,5.0,Medium,2,30,12.0,18.0,False,28.18627450980392,1.81,True,6.0,Card,Online
ORD737,Little Caesars,"Louisville, KY",KY,South,2025-10-20 19:15:00,2025-10-20 19:45:00,October,10,Monday,0,19,True,False,XL,Cheese Burst,5,0.8333333333333334,20,6.0,High,3,30,14.4,15.6,False,28.84422110552764,1.16,True,5.0,UPI,Online
ORD738,Marco's Pizza,"Milwaukee, WI",WI,Midwest,2025-10-21 20:30:00,2025-10-21 21:00:00,October,10,Tuesday,1,20,True,False,Medium,Thai Chicken,3,0.6666666666666666,6,4.5,Medium,2,30,10.8,19.2,False,30.28645833333333,-0.29,False,6.666666666666667,Cash,Offline
ORD739,Domino's,"Albuquerque, NM",NM,West,2025-10-22 19:00:00,2025-10-22 19:30:00,October,10,Wednesday,2,19,True,False,Large,Sicilian,4,0.7272727272727273,12,5.5,Medium,2,30,13.2,16.8,False,30.25943396226415,-0.26,False,5.454545454545454,UPI,Online
ORD740,Pizza Hut,"Atlanta, GA",GA,South,2025-10-23 20:15:00,2025-10-23 20:45:00,October,10,Thursday,3,20,True,False,Medium,Veg,2,0.5,4,4.0,Low,1,30,9.6,20.4,False,29.94845360824742,0.05,True,7.5,Wallet,Online
ORD741,Papa John's,"Omaha, NE",NE,Midwest,2025-10-24 18:30:00,2025-10-24 19:00:00,October,10,Friday,4,18,True,False,Medium,Gluten-Free,3,0.6,6,5.0,Medium,2,30,12.0,18.0,False,28.18627450980392,1.81,True,6.0,Card,Online
ORD742,Little Caesars,"Louisville, KY",KY,South,2025-10-25 19:45:00,2025-10-25 20:15:00,October,10,Saturday,5,19,True,True,XL,Cheese Burst,5,0.8333333333333334,20,6.0,High,3,30,14.4,15.6,False,28.84422110552764,1.16,True,5.0,UPI,Online
ORD743,Marco's Pizza,"Milwaukee, WI",WI,Midwest,2025-10-26 18:00:00,2025-10-26 18:30:00,October,10,Sunday,6,18,True,True,Medium,Thai Chicken,3,0.6666666666666666,6,4.5,Medium,2,30,10.8,19.2,False,30.28645833333333,-0.29,False,6.666666666666667,Cash,Offline
ORD744,Domino's,"Albuquerque, NM",NM,West,2025-10-27 19:15:00,2025-10-27 19:45:00,October,10,Monday,0,19,True,False,Large,Sicilian,4,0.7272727272727273,12,5.5,Medium,2,30,13.2,16.8,False,30.25943396226415,-0.26,False,5.454545454545454,UPI,Online
ORD745,Pizza Hut,"Atlanta, GA",GA,South,2025-10-28 20:30:00,2025-10-28 21:00:00,October,10,Tuesday,1,20,True,False,Medium,Veg,2,0.5,4,4.0,Low,1,30,9.6,20.4,False,29.94845360824742,0.05,True,7.5,Wallet,Online
ORD746,Papa John's,"Omaha, NE",NE,Midwest,2025-10-29 18:45:00,2025-10-29 19:15:00,October,10,Wednesday,2,18,True,False,Medium,Gluten-Free,3,0.6,6,5.0,Medium,2,30,12.0,18.0,False,28.18627450980392,1.81,True,6.0,Card,Online
ORD747,Little Caesars,"Louisville, KY",KY,South,2025-10-30 19:00:00,2025-10-30 19:30:00,October,10,Thursday,3,19,True,False,XL,Cheese Burst,5,0.8333333333333334,20,6.0,High,3,30,14.4,15.6,False,28.84422110552764,1.16,True,5.0,UPI,Online
ORD748,Marco's Pizza,"Milwaukee, WI",WI,Midwest,2025-10-31 20:15:00,2025-10-31 20:45:00,October,10,Friday,4,20,True,False,Medium,Thai Chicken,3,0.6666666666666666,6,4.5,Medium,2,30,10.8,19.2,False,30.28645833333333,-0.29,False,6.666666666666667,Cash,Offline
ORD749,Domino's,"Albuquerque, NM",NM,West,2025-11-01 19:30:00,2025-11-01 20:00:00,November,11,Saturday,5,19,True,True,Large,Sicilian,4,0.7272727272727273,12,5.5,Medium,2,30,13.2,16.8,False,30.25943396226415,-0.26,False,5.454545454545454,UPI,Online
ORD750,Pizza Hut,"Atlanta, GA",GA,South,2025-11-02 20:45:00,2025-11-02 21:15:00,November,11,Sunday,6,20,True,True,Medium,Veg,2,0.5,4,4.0,Low,1,30,9.6,20.4,False,29.94845360824742,0.05,True,7.5,Wallet,Online
ORD751,Papa John's,"Omaha, NE",NE,Midwest,2025-11-03 18:00:00,2025-11-03 18:30:00,November,11,Monday,0,18,True,False,Medium,Gluten-Free,3,0.6,6,5.0,Medium,2,30,12.0,18.0,False,28.18627450980392,1.81,True,6.0,Card,Online
ORD752,Little Caesars,"Louisville, KY",KY,South,2025-11-04 19:15:00,2025-11-04 19:45:00,November,11,Tuesday,1,19,True,False,XL,Cheese Burst,5,0.8333333333333334,20,6.0,High,3,30,14.4,15.6,False,28.84422110552764,1.16,True,5.0,UPI,Online
ORD753,Marco's Pizza,"Milwaukee, WI",WI,Midwest,2025-11-05 20:30:00,2025-11-05 21:00:00,November,11,Wednesday,2,20,True,False,Medium,Thai Chicken,3,0.6666666666666666,6,4.5,Medium,2,30,10.8,19.2,False,30.28645833333333,-0.29,False,6.666666666666667,UPI,Online
ORD754,Papa John's,"Omaha, NE",NE,Midwest,2025-11-06 18:45:00,2025-11-06 19:15:00,November,11,Thursday,3,18,True,False,Medium,BBQ Chicken,3,0.6,6,5.0,Medium,2,30,12.0,18.0,False,28.18627450980392,1.81,True,6.0,UPI,Online
ORD755,Little Caesars,"Louisville, KY",KY,South,2025-11-07 19:00:00,2025-11-07 19:30:00,November,11,Friday,4,19,True,False,XL,Cheese Burst,5,0.8333333333333334,20,6.0,High,3,30,14.4,15.6,False,28.84422110552764,1.16,True,5.0,Card,Online
ORD756,Marco's Pizza,"Milwaukee, WI",WI,Midwest,2025-11-08 20:15:00,2025-11-08 20:45:00,November,11,Saturday,5,20,True,True,Medium,Margarita,3,0.6666666666666666,6,4.5,Medium,2,30,10.8,19.2,False,30.28645833333333,-0.29,False,6.666666666666667,Cash,Offline
ORD757,Domino's,"Albuquerque, NM",NM,West,2025-11-09 19:30:00,2025-11-09 20:00:00,November,11,Sunday,6,19,True,True,Large,Sicilian,4,0.7272727272727273,12,5.5,Medium,2,30,13.2,16.8,False,30.25943396226415,-0.26,False,5.454545454545454,UPI,Online
ORD758,Pizza Hut,"Atlanta, GA",GA,South,2025-11-10 20:45:00,2025-11-10 21:15:00,November,11,Monday,0,20,True,False,Medium,Veg,2,0.5,4,4.0,Low,1,30,9.6,20.4,False,29.94845360824742,0.05,True,7.5,Wallet,Online
ORD759,Papa John's,"Omaha, NE",NE,Midwest,2025-11-11 18:00:00,2025-11-11 18:30:00,November,11,Tuesday,1,18,True,False,Medium,BBQ Chicken,3,0.6,6,5.0,Medium,2,30,12.0,18.0,False,28.18627450980392,1.81,True,6.0,Card,Online
ORD760,Little Caesars,"Louisville, KY",KY,South,2025-11-12 19:15:00,2025-11-12 19:45:00,November,11,Wednesday,2,19,True,False,XL,Cheese Burst,5,0.8333333333333334,20,6.0,High,3,30,14.4,15.6,False,28.84422110552764,1.16,True,5.0,UPI,Online
ORD761,Marco's Pizza,"Milwaukee, WI",WI,Midwest,2025-11-13 20:30:00,2025-11-13 21:00:00,November,11,Thursday,3,20,True,False,Medium,Margarita,3,0.6666666666666666,6,4.5,Medium,2,30,10.8,19.2,False,30.28645833333333,-0.29,False,6.666666666666667,Cash,Offline
ORD762,Domino's,"Albuquerque, NM",NM,West,2025-11-14 19:00:00,2025-11-14 19:30:00,November,11,Friday,4,19,True,False,Large,Sicilian,4,0.7272727272727273,12,5.5,Medium,2,30,13.2,16.8,False,30.25943396226415,-0.26,False,5.454545454545454,UPI,Online
ORD763,Pizza Hut,"Atlanta, GA",GA,South,2025-11-15 20:15:00,2025-11-15 20:45:00,November,11,Saturday,5,20,True,True,Medium,Veg,2,0.5,4,4.0,Low,1,30,9.6,20.4,False,29.94845360824742,0.05,True,7.5,Wallet,Online
ORD764,Papa John's,"Omaha, NE",NE,Midwest,2025-11-16 18:30:00,2025-11-16 19:00:00,November,11,Sunday,6,18,True,True,Medium,BBQ Chicken,3,0.6,6,5.0,Medium,2,30,12.0,18.0,False,28.18627450980392,1.81,True,6.0,Card,Online
ORD765,Little Caesars,"Louisville, KY",KY,South,2025-11-17 19:45:00,2025-11-17 20:15:00,November,11,Monday,0,19,True,False,XL,Cheese Burst,5,0.8333333333333334,20,6.0,High,3,30,14.4,15.6,False,28.84422110552764,1.16,True,5.0,UPI,Online
ORD766,Marco's Pizza,"Milwaukee, WI",WI,Midwest,2025-11-18 20:00:00,2025-11-18 20:30:00,November,11,Tuesday,1,20,True,False,Medium,Margarita,3,0.6666666666666666,6,4.5,Medium,2,30,10.8,19.2,False,30.28645833333333,-0.29,False,6.666666666666667,Cash,Offline
ORD767,Domino's,"Albuquerque, NM",NM,West,2025-11-19 19:15:00,2025-11-19 19:45:00,November,11,Wednesday,2,19,True,False,Large,Sicilian,4,0.7272727272727273,12,5.5,Medium,2,30,13.2,16.8,False,30.25943396226415,-0.26,False,5.454545454545454,UPI,Online
ORD768,Pizza Hut,"Atlanta, GA",GA,South,2025-11-20 20:30:00,2025-11-20 21:00:00,November,11,Thursday,3,20,True,False,Medium,Veg,2,0.5,4,4.0,Low,1,30,9.6,20.4,False,29.94845360824742,0.05,True,7.5,Wallet,Online
ORD769,Papa John's,"Omaha, NE",NE,Midwest,2025-11-21 18:45:00,2025-11-21 19:15:00,November,11,Friday,4,18,True,False,Medium,BBQ Chicken,3,0.6,6,5.0,Medium,2,30,12.0,18.0,False,28.18627450980392,1.81,True,6.0,Card,Online
ORD770,Little Caesars,"Louisville, KY",KY,South,2025-11-22 19:00:00,2025-11-22 19:30:00,November,11,Saturday,5,19,True,True,XL,Cheese Burst,5,0.8333333333333334,20,6.0,High,3,30,14.4,15.6,False,28.84422110552764,1.16,True,5.0,UPI,Online
ORD771,Marco's Pizza,"Milwaukee, WI",WI,Midwest,2025-11-23 20:15:00,2025-11-23 20:45:00,November,11,Sunday,6,20,True,True,Medium,Margarita,3,0.6666666666666666,6,4.5,Medium,2,30,10.8,19.2,False,30.28645833333333,-0.29,False,6.666666666666667,Cash,Offline
ORD772,Domino's,"Albuquerque, NM",NM,West,2025-11-24 19:30:00,2025-11-24 20:00:00,November,11,Monday,0,19,True,False,Large,Sicilian,4,0.7272727272727273,12,5.5,Medium,2,30,13.2,16.8,False,30.25943396226415,-0.26,False,5.454545454545454,UPI,Online
ORD773,Pizza Hut,"Atlanta, GA",GA,South,2025-11-25 20:45:00,2025-11-25 21:15:00,November,11,Tuesday,1,20,True,False,Medium,Veg,2,0.5,4,4.0,Low,1,30,9.6,20.4,False,29.94845360824742,0.05,True,7.5,Wallet,Online
ORD774,Papa John's,"Omaha, NE",NE,Midwest,2025-11-26 18:00:00,2025-11-26 18:30:00,November,11,Wednesday,2,18,True,False,Medium,BBQ Chicken,3,0.6,6,5.0,Medium,2,30,12.0,18.0,False,28.18627450980392,1.81,True,6.0,Card,Online
ORD775,Little Caesars,"Louisville, KY",KY,South,2025-11-27 19:15:00,2025-11-27 19:45:00,November,11,Thursday,3,19,True,False,XL,Cheese Burst,5,0.8333333333333334,20,6.0,High,3,30,14.4,15.6,False,28.84422110552764,1.16,True,5.0,UPI,Online
ORD776,Marco's Pizza,"Milwaukee, WI",WI,Midwest,2025-11-28 20:30:00,2025-11-28 21:00:00,November,11,Friday,4,20,True,False,Medium,Margarita,3,0.6666666666666666,6,4.5,Medium,2,30,10.8,19.2,False,30.28645833333333,-0.29,False,6.666666666666667,Cash,Offline
ORD777,Domino's,"Albuquerque, NM",NM,West,2025-11-29 19:00:00,2025-11-29 19:30:00,November,11,Saturday,5,19,True,True,Large,Sicilian,4,0.7272727272727273,12,5.5,Medium,2,30,13.2,16.8,False,30.25943396226415,-0.26,False,5.454545454545454,UPI,Online
ORD778,Pizza Hut,"Atlanta, GA",GA,South,2025-11-30 20:15:00,2025-11-30 20:45:00,November,11,Sunday,6,20,True,True,Medium,Veg,2,0.5,4,4.0,Low,1,30,9.6,20.4,False,29.94845360824742,0.05,True,7.5,Wallet,Online
ORD779,Papa John's,"Omaha, NE",NE,Midwest,2025-12-01 18:30:00,2025-12-01 19:00:00,December,12,Monday,0,18,True,False,Medium,BBQ Chicken,3,0.6,6,5.0,Medium,2,30,12.0,18.0,False,28.18627450980392,1.81,True,6.0,Card,Online
ORD780,Little Caesars,"Louisville, KY",KY,South,2025-12-02 19:45:00,2025-12-02 20:15:00,December,12,Tuesday,1,19,True,False,XL,Cheese Burst,5,0.8333333333333334,20,6.0,High,3,30,14.4,15.6,False,28.84422110552764,1.16,True,5.0,UPI,Online
ORD781,Marco's Pizza,"Milwaukee, WI",WI,Midwest,2025-12-03 20:00:00,2025-12-03 20:30:00,December,12,Wednesday,2,20,True,False,Medium,Margarita,3,0.6666666666666666,6,4.5,Medium,2,30,10.8,19.2,False,30.28645833333333,-0.29,False,6.666666666666667,Cash,Offline
ORD782,Papa John's,"Omaha, NE",NE,Midwest,2025-12-04 18:15:00,2025-12-04 18:45:00,December,12,Thursday,3,18,True,False,Medium,BBQ Chicken,3,0.6,6,5.0,Medium,2,30,12.0,18.0,False,28.18627450980392,1.81,True,6.0,UPI,Online
ORD783,Little Caesars,"Louisville, KY",KY,South,2025-12-05 19:30:00,2025-12-05 20:00:00,December,12,Friday,4,19,True,False,XL,Cheese Burst,5,0.8333333333333334,20,6.0,High,3,30,14.4,15.6,False,28.84422110552764,1.16,True,5.0,Card,Online
ORD784,Marco's Pizza,"Milwaukee, WI",WI,Midwest,2025-12-06 20:45:00,2025-12-06 21:15:00,December,12,Saturday,5,20,True,True,Medium,Margarita,3,0.6666666666666666,6,4.5,Medium,2,30,10.8,19.2,False,30.28645833333333,-0.29,False,6.666666666666667,Cash,Offline
ORD785,Domino's,"Albuquerque, NM",NM,West,2025-12-07 19:00:00,2025-12-07 19:30:00,December,12,Sunday,6,19,True,True,Large,Sicilian,4,0.7272727272727273,12,5.5,Medium,2,30,13.2,16.8,False,30.25943396226415,-0.26,False,5.454545454545454,UPI,Online
ORD786,Pizza Hut,"Atlanta, GA",GA,South,2025-12-08 20:15:00,2025-12-08 20:45:00,December,12,Monday,0,20,True,False,Medium,Veg,2,0.5,4,4.0,Low,1,30,9.6,20.4,False,29.94845360824742,0.05,True,7.5,Wallet,Online
ORD787,Papa John's,"Omaha, NE",NE,Midwest,2025-12-09 18:30:00,2025-12-09 19:00:00,December,12,Tuesday,1,18,True,False,Medium,BBQ Chicken,3,0.6,6,5.0,Medium,2,30,12.0,18.0,False,28.18627450980392,1.81,True,6.0,Card,Online
ORD788,Little Caesars,"Louisville, KY",KY,South,2025-12-10 19:45:00,2025-12-10 20:15:00,December,12,Wednesday,2,19,True,False,XL,Cheese Burst,5,0.8333333333333334,20,6.0,High,3,30,14.4,15.6,False,28.84422110552764,1.16,True,5.0,UPI,Online
ORD789,Marco's Pizza,"Milwaukee, WI",WI,Midwest,2025-12-11 20:00:00,2025-12-11 20:30:00,December,12,Thursday,3,20,True,False,Medium,Margarita,3,0.6666666666666666,6,4.5,Medium,2,30,10.8,19.2,False,30.28645833333333,-0.29,False,6.666666666666667,Cash,Offline
ORD790,Domino's,"Albuquerque, NM",NM,West,2025-12-12 19:15:00,2025-12-12 19:45:00,December,12,Friday,4,19,True,False,Large,Sicilian,4,0.7272727272727273,12,5.5,Medium,2,30,13.2,16.8,False,30.25943396226415,-0.26,False,5.454545454545454,UPI,Online
ORD791,Pizza Hut,"Atlanta, GA",GA,South,2025-12-13 20:30:00,2025-12-13 21:00:00,December,12,Saturday,5,20,True,True,Medium,Veg,2,0.5,4,4.0,Low,1,30,9.6,20.4,False,29.94845360824742,0.05,True,7.5,Wallet,Online
ORD792,Papa John's,"Omaha, NE",NE,Midwest,2025-12-14 18:45:00,2025-12-14 19:15:00,December,12,Sunday,6,18,True,True,Medium,BBQ Chicken,3,0.6,6,5.0,Medium,2,30,12.0,18.0,False,28.18627450980392,1.81,True,6.0,Card,Online
ORD793,Little Caesars,"Louisville, KY",KY,South,2025-12-15 19:00:00,2025-12-15 19:30:00,December,12,Monday,0,19,True,False,XL,Cheese Burst,5,0.8333333333333334,20,6.0,High,3,30,14.4,15.6,False,28.84422110552764,1.16,True,5.0,UPI,Online
ORD794,Marco's Pizza,"Milwaukee, WI",WI,Midwest,2025-12-16 20:15:00,2025-12-16 20:45:00,December,12,Tuesday,1,20,True,False,Medium,Margarita,3,0.6666666666666666,6,4.5,Medium,2,30,10.8,19.2,False,30.28645833333333,-0.29,False,6.666666666666667,Cash,Offline
ORD795,Domino's,"Albuquerque, NM",NM,West,2025-12-17 19:30:00,2025-12-17 20:00:00,December,12,Wednesday,2,19,True,False,Large,Sicilian,4,0.7272727272727273,12,5.5,Medium,2,30,13.2,16.8,False,30.25943396226415,-0.26,False,5.454545454545454,UPI,Online
ORD796,Pizza Hut,"Atlanta, GA",GA,South,2025-12-18 20:45:00,2025-12-18 21:15:00,December,12,Thursday,3,20,True,False,Medium,Veg,2,0.5,4,4.0,Low,1,30,9.6,20.4,False,29.94845360824742,0.05,True,7.5,Wallet,Online
ORD797,Papa John's,"Omaha, NE",NE,Midwest,2025-12-19 18:00:00,2025-12-19 18:30:00,December,12,Friday,4,18,True,False,Medium,BBQ Chicken,3,0.6,6,5.0,Medium,2,30,12.0,18.0,False,28.18627450980392,1.81,True,6.0,Card,Online
ORD798,Little Caesars,"Louisville, KY",KY,South,2025-12-20 19:15:00,2025-12-20 19:45:00,December,12,Saturday,5,19,True,True,XL,Cheese Burst,5,0.8333333333333334,20,6.0,High,3,30,14.4,15.6,False,28.84422110552764,1.16,True,5.0,UPI,Online
ORD799,Marco's Pizza,"Milwaukee, WI",WI,Midwest,2025-12-21 20:30:00,2025-12-21 21:00:00,December,12,Sunday,6,20,True,True,Medium,Margarita,3,0.6666666666666666,6,4.5,Medium,2,30,10.8,19.2,False,30.28645833333333,-0.29,False,6.666666666666667,Cash,Offline
ORD800,Domino's,"Albuquerque, NM",NM,West,2025-12-22 19:00:00,2025-12-22 19:30:00,December,12,Monday,0,19,True,False,Large,Sicilian,4,0.7272727272727273,12,5.5,Medium,2,30,13.2,16.8,False,30.25943396226415,-0.26,False,5.454545454545454,UPI,Online
ORD801,Pizza Hut,"Atlanta, GA",GA,South,2025-12-23 20:15:00,2025-12-23 20:45:00,December,12,Tuesday,1,20,True,False,Medium,Veg,2,0.5,4,4.0,Low,1,30,9.6,20.4,False,29.94845360824742,0.05,True,7.5,Wallet,Online
ORD802,Papa John's,"Omaha, NE",NE,Midwest,2025-12-24 18:30:00,2025-12-24 19:00:00,December,12,Wednesday,2,18,True,False,Medium,BBQ Chicken,3,0.6,6,5.0,Medium,2,30,12.0,18.0,False,28.18627450980392,1.81,True,6.0,Card,Online
ORD803,Little Caesars,"Louisville, KY",KY,South,2025-12-25 19:45:00,2025-12-25 20:15:00,December,12,Thursday,3,19,True,False,XL,Cheese Burst,5,0.8333333333333334,20,6.0,High,3,30,14.4,15.6,False,28.84422110552764,1.16,True,5.0,UPI,Online
ORD804,Marco's Pizza,"Milwaukee, WI",WI,Midwest,2025-12-26 20:00:00,2025-12-26 20:30:00,December,12,Friday,4,20,True,False,Medium,Margarita,3,0.6666666666666666,6,4.5,Medium,2,30,10.8,19.2,False,30.28645833333333,-0.29,False,6.666666666666667,Cash,Offline
ORD805,Domino's,"Albuquerque, NM",NM,West,2025-12-27 19:15:00,2025-12-27 19:45:00,December,12,Saturday,5,19,True,True,Large,Sicilian,4,0.7272727272727273,12,5.5,Medium,2,30,13.2,16.8,False,30.25943396226415,-0.26,False,5.454545454545454,UPI,Online
ORD806,Pizza Hut,"Atlanta, GA",GA,South,2025-12-28 20:30:00,2025-12-28 21:00:00,December,12,Sunday,6,20,True,True,Medium,Veg,2,0.5,4,4.0,Low,1,30,9.6,20.4,False,29.94845360824742,0.05,True,7.5,Wallet,Online
ORD807,Papa John's,"Omaha, NE",NE,Midwest,2025-12-29 18:45:00,2025-12-29 19:15:00,December,12,Monday,0,18,True,False,Medium,BBQ Chicken,3,0.6,6,5.0,Medium,2,30,12.0,18.0,False,28.18627450980392,1.81,True,6.0,Card,Online
ORD808,Little Caesars,"Louisville, KY",KY,South,2025-12-30 19:00:00,2025-12-30 19:30:00,December,12,Tuesday,1,19,True,False,XL,Cheese Burst,5,0.8333333333333334,20,6.0,High,3,30,14.4,15.6,False,28.84422110552764,1.16,True,5.0,UPI,Online
ORD809,Marco's Pizza,"Milwaukee, WI",WI,Midwest,2025-12-31 20:15:00,2025-12-31 20:45:00,December,12,Wednesday,2,20,True,False,Medium,Margarita,3,0.6666666666666666,6,4.5,Medium,2,30,10.8,19.2,False,30.28645833333333,-0.29,False,6.666666666666667,Cash,Offline
ORD810,Papa John's,"Omaha, NE",NE,Midwest,2025-12-24 18:30:00,2025-12-24 19:00:00,December,12,Wednesday,2,18,True,False,Medium,BBQ Chicken,3,0.6,6,5.0,Medium,2,30,12.0,18.0,False,28.18627450980392,1.81,True,6.0,UPI,Online
ORD811,Little Caesars,"Louisville, KY",KY,South,2025-12-25 19:45:00,2025-12-25 20:15:00,December,12,Thursday,3,19,True,False,XL,Cheese Burst,5,0.8333333333333334,20,6.0,High,3,30,14.4,15.6,False,28.84422110552764,1.16,True,5.0,Card,Online
ORD812,Marco's Pizza,"Milwaukee, WI",WI,Midwest,2025-12-26 20:00:00,2025-12-26 20:30:00,December,12,Friday,4,20,True,False,Medium,Margarita,3,0.6666666666666666,6,4.5,Medium,2,30,10.8,19.2,False,30.28645833333333,-0.29,False,6.666666666666667,Cash,Offline
ORD813,Domino's,"Albuquerque, NM",NM,West,2025-12-27 19:15:00,2025-12-27 19:45:00,December,12,Saturday,5,19,True,True,Large,Sicilian,4,0.7272727272727273,12,5.5,Medium,2,30,13.2,16.8,False,30.25943396226415,-0.26,False,5.454545454545454,UPI,Online
ORD814,Pizza Hut,"Atlanta, GA",GA,South,2025-12-28 20:30:00,2025-12-28 21:00:00,December,12,Sunday,6,20,True,True,Medium,Veg,2,0.5,4,4.0,Low,1,30,9.6,20.4,False,29.94845360824742,0.05,True,7.5,Wallet,Online
ORD815,Papa John's,"Omaha, NE",NE,Midwest,2025-12-29 18:45:00,2025-12-29 19:15:00,December,12,Monday,0,18,True,False,Medium,BBQ Chicken,3,0.6,6,5.0,Medium,2,30,12.0,18.0,False,28.18627450980392,1.81,True,6.0,Card,Online
ORD816,Little Caesars,"Louisville, KY",KY,South,2025-12-30 19:00:00,2025-12-30 19:30:00,December,12,Tuesday,1,19,True,False,XL,Cheese Burst,5,0.8333333333333334,20,6.0,High,3,30,14.4,15.6,False,28.84422110552764,1.16,True,5.0,UPI,Online
ORD817,Marco's Pizza,"Milwaukee, WI",WI,Midwest,2025-12-31 20:15:00,2025-12-31 20:45:00,December,12,Wednesday,2,20,True,False,Medium,Margarita,3,0.6666666666666666,6,4.5,Medium,2,30,10.8,19.2,False,30.28645833333333,-0.29,False,6.666666666666667,Cash,Offline
ORD818,Domino's,"Albuquerque, NM",NM,West,2026-01-01 19:30:00,2026-01-01 20:00:00,January,1,Thursday,3,19,True,False,Large,Sicilian,4,0.7272727272727273,12,5.5,Medium,2,30,13.2,16.8,False,30.25943396226415,-0.26,False,5.454545454545454,UPI,Online
ORD819,Pizza Hut,"Atlanta, GA",GA,South,2026-01-02 20:45:00,2026-01-02 21:15:00,January,1,Friday,4,20,True,False,Medium,Veg,2,0.5,4,4.0,Low,1,30,9.6,20.4,False,29.94845360824742,0.05,True,7.5,Wallet,Online
ORD820,Papa John's,"Omaha, NE",NE,Midwest,2026-01-03 18:00:00,2026-01-03 18:30:00,January,1,Saturday,5,18,True,True,Medium,BBQ Chicken,3,0.6,6,5.0,Medium,2,30,12.0,18.0,False,28.18627450980392,1.81,True,6.0,Card,Online
ORD821,Little Caesars,"Louisville, KY",KY,South,2026-01-04 19:15:00,2026-01-04 19:45:00,January,1,Sunday,6,19,True,True,XL,Cheese Burst,5,0.8333333333333334,20,6.0,High,3,30,14.4,15.6,False,28.84422110552764,1.16,True,5.0,UPI,Online
ORD822,Marco's Pizza,"Milwaukee, WI",WI,Midwest,2026-01-05 20:30:00,2026-01-05 21:00:00,January,1,Monday,0,20,True,False,Medium,Margarita,3,0.6666666666666666,6,4.5,Medium,2,30,10.8,19.2,False,30.28645833333333,-0.29,False,6.666666666666667,Cash,Offline
ORD823,Domino's,"Albuquerque, NM",NM,West,2026-01-06 19:00:00,2026-01-06 19:30:00,January,1,Tuesday,1,19,True,False,Large,Sicilian,4,0.7272727272727273,12,5.5,Medium,2,30,13.2,16.8,False,30.25943396226415,-0.26,False,5.454545454545454,UPI,Online
ORD824,Pizza Hut,"Atlanta, GA",GA,South,2026-01-07 20:15:00,2026-01-07 20:45:00,January,1,Wednesday,2,20,True,False,Medium,Veg,2,0.5,4,4.0,Low,1,30,9.6,20.4,False,29.94845360824742,0.05,True,7.5,Wallet,Online
ORD825,Papa John's,"Omaha, NE",NE,Midwest,2026-01-08 18:30:00,2026-01-08 19:00:00,January,1,Thursday,3,18,True,False,Medium,BBQ Chicken,3,0.6,6,5.0,Medium,2,30,12.0,18.0,False,28.18627450980392,1.81,True,6.0,Card,Online
ORD826,Little Caesars,"Louisville, KY",KY,South,2026-01-09 19:45:00,2026-01-09 20:15:00,January,1,Friday,4,19,True,False,XL,Cheese Burst,5,0.8333333333333334,20,6.0,High,3,30,14.4,15.6,False,28.84422110552764,1.16,True,5.0,UPI,Online
ORD827,Marco's Pizza,"Milwaukee, WI",WI,Midwest,2026-01-10 20:00:00,2026-01-10 20:30:00,January,1,Saturday,5,20,True,True,Medium,Margarita,3,0.6666666666666666,6,4.5,Medium,2,30,10.8,19.2,False,30.28645833333333,-0.29,False,6.666666666666667,Cash,Offline
ORD828,Domino's,"Albuquerque, NM",NM,West,2026-01-11 19:15:00,2026-01-11 19:45:00,January,1,Sunday,6,19,True,True,Large,Sicilian,4,0.7272727272727273,12,5.5,Medium,2,30,13.2,16.8,False,30.25943396226415,-0.26,False,5.454545454545454,UPI,Online
ORD829,Pizza Hut,"Atlanta, GA",GA,South,2026-01-12 20:30:00,2026-01-12 21:00:00,January,1,Monday,0,20,True,False,Medium,Veg,2,0.5,4,4.0,Low,1,30,9.6,20.4,False,29.94845360824742,0.05,True,7.5,Wallet,Online
ORD830,Papa John's,"Omaha, NE",NE,Midwest,2026-01-13 18:45:00,2026-01-13 19:15:00,January,1,Tuesday,1,18,True,False,Medium,BBQ Chicken,3,0.6,6,5.0,Medium,2,30,12.0,18.0,False,28.18627450980392,1.81,True,6.0,Card,Online
ORD831,Little Caesars,"Louisville, KY",KY,South,2026-01-14 19:00:00,2026-01-14 19:30:00,January,1,Wednesday,2,19,True,False,XL,Cheese Burst,5,0.8333333333333334,20,6.0,High,3,30,14.4,15.6,False,28.84422110552764,1.16,True,5.0,UPI,Online
ORD832,Marco's Pizza,"Milwaukee, WI",WI,Midwest,2026-01-15 20:15:00,2026-01-15 20:45:00,January,1,Thursday,3,20,True,False,Medium,Margarita,3,0.6666666666666666,6,4.5,Medium,2,30,10.8,19.2,False,30.28645833333333,-0.29,False,6.666666666666667,Cash,Offline
ORD833,Domino's,"Albuquerque, NM",NM,West,2026-01-16 19:30:00,2026-01-16 20:00:00,January,1,Friday,4,19,True,False,Large,Sicilian,4,0.7272727272727273,12,5.5,Medium,2,30,13.2,16.8,False,30.25943396226415,-0.26,False,5.454545454545454,UPI,Online
ORD834,Pizza Hut,"Atlanta, GA",GA,South,2026-01-17 20:45:00,2026-01-17 21:15:00,January,1,Saturday,5,20,True,True,Medium,Veg,2,0.5,4,4.0,Low,1,30,9.6,20.4,False,29.94845360824742,0.05,True,7.5,Wallet,Online
ORD835,Papa John's,"Omaha, NE",NE,Midwest,2026-01-18 18:00:00,2026-01-18 18:30:00,January,1,Sunday,6,18,True,True,Medium,BBQ Chicken,3,0.6,6,5.0,Medium,2,30,12.0,18.0,False,28.18627450980392,1.81,True,6.0,Card,Online
ORD836,Little Caesars,"Louisville, KY",KY,South,2026-01-19 19:15:00,2026-01-19 19:45:00,January,1,Monday,0,19,True,False,XL,Cheese Burst,5,0.8333333333333334,20,6.0,High,3,30,14.4,15.6,False,28.84422110552764,1.16,True,5.0,UPI,Online
ORD837,Marco's Pizza,"Milwaukee, WI",WI,Midwest,2026-01-20 20:30:00,2026-01-20 21:00:00,January,1,Tuesday,1,20,True,False,Medium,Margarita,3,0.6666666666666666,6,4.5,Medium,2,30,10.8,19.2,False,30.28645833333333,-0.29,False,6.666666666666667,Cash,Offline
ORD838,Papa John's,"Omaha, NE",NE,Midwest,2026-01-21 18:00:00,2026-01-21 18:30:00,January,1,Wednesday,2,18,True,False,Medium,BBQ Chicken,3,0.6,6,5.0,Medium,2,30,12.0,18.0,False,28.18627450980392,1.81,True,6.0,UPI,Online
ORD839,Little Caesars,"Louisville, KY",KY,South,2026-01-22 19:15:00,2026-01-22 19:45:00,January,1,Thursday,3,19,True,False,XL,Cheese Burst,5,0.8333333333333334,20,6.0,High,3,30,14.4,15.6,False,28.84422110552764,1.16,True,5.0,Card,Online
ORD840,Marco's Pizza,"Milwaukee, WI",WI,Midwest,2026-01-23 20:30:00,2026-01-23 21:00:00,January,1,Friday,4,20,True,False,Medium,Margarita,3,0.6666666666666666,6,4.5,Medium,2,30,10.8,19.2,False,30.28645833333333,-0.29,False,6.666666666666667,Cash,Offline
ORD841,Domino's,"Albuquerque, NM",NM,West,2026-01-24 19:00:00,2026-01-24 19:30:00,January,1,Saturday,5,19,True,True,Large,Sicilian,4,0.7272727272727273,12,5.5,Medium,2,30,13.2,16.8,False,30.25943396226415,-0.26,False,5.454545454545454,UPI,Online
ORD842,Pizza Hut,"Atlanta, GA",GA,South,2026-01-25 20:15:00,2026-01-25 20:45:00,January,1,Sunday,6,20,True,True,Medium,Veg,2,0.5,4,4.0,Low,1,30,9.6,20.4,False,29.94845360824742,0.05,True,7.5,Wallet,Online
ORD843,Papa John's,"Omaha, NE",NE,Midwest,2026-01-26 18:30:00,2026-01-26 19:00:00,January,1,Monday,0,18,True,False,Medium,BBQ Chicken,3,0.6,6,5.0,Medium,2,30,12.0,18.0,False,28.18627450980392,1.81,True,6.0,Card,Online
ORD844,Little Caesars,"Louisville, KY",KY,South,2026-01-27 19:45:00,2026-01-27 20:15:00,January,1,Tuesday,1,19,True,False,XL,Cheese Burst,5,0.8333333333333334,20,6.0,High,3,30,14.4,15.6,False,28.84422110552764,1.16,True,5.0,UPI,Online
ORD845,Marco's Pizza,"Milwaukee, WI",WI,Midwest,2026-01-28 20:00:00,2026-01-28 20:30:00,January,1,Wednesday,2,20,True,False,Medium,Margarita,3,0.6666666666666666,6,4.5,Medium,2,30,10.8,19.2,False,30.28645833333333,-0.29,False,6.666666666666667,Cash,Offline
ORD846,Domino's,"Albuquerque, NM",NM,West,2026-01-29 19:15:00,2026-01-29 19:45:00,January,1,Thursday,3,19,True,False,Large,Sicilian,4,0.7272727272727273,12,5.5,Medium,2,30,13.2,16.8,False,30.25943396226415,-0.26,False,5.454545454545454,UPI,Online
ORD847,Pizza Hut,"Atlanta, GA",GA,South,2026-01-30 20:30:00,2026-01-30 21:00:00,January,1,Friday,4,20,True,False,Medium,Veg,2,0.5,4,4.0,Low,1,30,9.6,20.4,False,29.94845360824742,0.05,True,7.5,Wallet,Online
ORD848,Papa John's,"Omaha, NE",NE,Midwest,2026-01-31 18:45:00,2026-01-31 19:15:00,January,1,Saturday,5,18,True,True,Medium,BBQ Chicken,3,0.6,6,5.0,Medium,2,30,12.0,18.0,False,28.18627450980392,1.81,True,6.0,Card,Online
ORD849,Little Caesars,"Louisville, KY",KY,South,2026-02-01 19:00:00,2026-02-01 19:30:00,February,2,Sunday,6,19,True,True,XL,Cheese Burst,5,0.8333333333333334,20,6.0,High,3,30,14.4,15.6,False,28.84422110552764,1.16,True,5.0,UPI,Online
ORD850,Marco's Pizza,"Milwaukee, WI",WI,Midwest,2026-02-02 20:15:00,2026-02-02 20:45:00,February,2,Monday,0,20,True,False,Medium,Margarita,3,0.6666666666666666,6,4.5,Medium,2,30,10.8,19.2,False,30.28645833333333,-0.29,False,6.666666666666667,Cash,Offline
ORD851,Domino's,"Albuquerque, NM",NM,West,2026-02-03 19:30:00,2026-02-03 20:00:00,February,2,Tuesday,1,19,True,False,Large,Sicilian,4,0.7272727272727273,12,5.5,Medium,2,30,13.2,16.8,False,30.25943396226415,-0.26,False,5.454545454545454,UPI,Online
ORD852,Pizza Hut,"Atlanta, GA",GA,South,2026-02-04 20:45:00,2026-02-04 21:15:00,February,2,Wednesday,2,20,True,False,Medium,Veg,2,0.5,4,4.0,Low,1,30,9.6,20.4,False,29.94845360824742,0.05,True,7.5,Wallet,Online
ORD853,Papa John's,"Omaha, NE",NE,Midwest,2026-02-05 18:00:00,2026-02-05 18:30:00,February,2,Thursday,3,18,True,False,Medium,BBQ Chicken,3,0.6,6,5.0,Medium,2,30,12.0,18.0,False,28.18627450980392,1.81,True,6.0,Card,Online
ORD854,Little Caesars,"Louisville, KY",KY,South,2026-02-06 19:15:00,2026-02-06 19:45:00,February,2,Friday,4,19,True,False,XL,Cheese Burst,5,0.8333333333333334,20,6.0,High,3,30,14.4,15.6,False,28.84422110552764,1.16,True,5.0,UPI,Online
ORD855,Marco's Pizza,"Milwaukee, WI",WI,Midwest,2026-02-07 20:30:00,2026-02-07 21:00:00,February,2,Saturday,5,20,True,True,Medium,Margarita,3,0.6666666666666666,6,4.5,Medium,2,30,10.8,19.2,False,30.28645833333333,-0.29,False,6.666666666666667,Cash,Offline
ORD856,Domino's,"Albuquerque, NM",NM,West,2026-02-08 19:00:00,2026-02-08 19:30:00,February,2,Sunday,6,19,True,True,Large,Sicilian,4,0.7272727272727273,12,5.5,Medium,2,30,13.2,16.8,False,30.25943396226415,-0.26,False,5.454545454545454,UPI,Online
ORD857,Pizza Hut,"Atlanta, GA",GA,South,2026-02-09 20:15:00,2026-02-09 20:45:00,February,2,Monday,0,20,True,False,Medium,Veg,2,0.5,4,4.0,Low,1,30,9.6,20.4,False,29.94845360824742,0.05,True,7.5,Wallet,Online
ORD858,Papa John's,"Omaha, NE",NE,Midwest,2026-02-10 18:30:00,2026-02-10 19:00:00,February,2,Tuesday,1,18,True,False,Medium,BBQ Chicken,3,0.6,6,5.0,Medium,2,30,12.0,18.0,False,28.18627450980392,1.81,True,6.0,Card,Online
ORD859,Little Caesars,"Louisville, KY",KY,South,2026-02-11 19:45:00,2026-02-11 20:15:00,February,2,Wednesday,2,19,True,False,XL,Cheese Burst,5,0.8333333333333334,20,6.0,High,3,30,14.4,15.6,False,28.84422110552764,1.16,True,5.0,UPI,Online
ORD860,Marco's Pizza,"Milwaukee, WI",WI,Midwest,2026-02-12 20:00:00,2026-02-12 20:30:00,February,2,Thursday,3,20,True,False,Medium,Margarita,3,0.6666666666666666,6,4.5,Medium,2,30,10.8,19.2,False,30.28645833333333,-0.29,False,6.666666666666667,Cash,Offline
ORD861,Domino's,"Albuquerque, NM",NM,West,2026-02-13 19:15:00,2026-02-13 19:45:00,February,2,Friday,4,19,True,False,Large,Sicilian,4,0.7272727272727273,12,5.5,Medium,2,30,13.2,16.8,False,30.25943396226415,-0.26,False,5.454545454545454,UPI,Online
ORD862,Pizza Hut,"Atlanta, GA",GA,South,2026-02-14 20:30:00,2026-02-14 21:00:00,February,2,Saturday,5,20,True,True,Medium,Veg,2,0.5,4,4.0,Low,1,30,9.6,20.4,False,29.94845360824742,0.05,True,7.5,Wallet,Online
ORD863,Papa John's,"Omaha, NE",NE,Midwest,2026-02-15 18:45:00,2026-02-15 19:15:00,February,2,Sunday,6,18,True,True,Medium,BBQ Chicken,3,0.6,6,5.0,Medium,2,30,12.0,18.0,False,28.18627450980392,1.81,True,6.0,Card,Online
ORD864,Little Caesars,"Louisville, KY",KY,South,2026-02-16 19:00:00,2026-02-16 19:30:00,February,2,Monday,0,19,True,False,XL,Cheese Burst,5,0.8333333333333334,20,6.0,High,3,30,14.4,15.6,False,28.84422110552764,1.16,True,5.0,UPI,Online
ORD865,Marco's Pizza,"Milwaukee, WI",WI,Midwest,2026-02-17 20:15:00,2026-02-17 20:45:00,February,2,Tuesday,1,20,True,False,Medium,Margarita,3,0.6666666666666666,6,4.5,Medium,2,30,10.8,19.2,False,30.28645833333333,-0.29,False,6.666666666666667,Cash,Offline
ORD866,Papa John's,"Omaha, NE",NE,Midwest,2026-02-18 18:30:00,2026-02-18 19:00:00,February,2,Wednesday,2,18,True,False,Medium,BBQ Chicken,3,0.6,6,5.0,Medium,2,30,12.0,18.0,False,28.18627450980392,1.81,True,6.0,UPI,Online
ORD867,Little Caesars,"Louisville, KY",KY,South,2026-02-19 19:45:00,2026-02-19 20:15:00,February,2,Thursday,3,19,True,False,XL,Cheese Burst,5,0.8333333333333334,20,6.0,High,3,30,14.4,15.6,False,28.84422110552764,1.16,True,5.0,Card,Online
ORD868,Marco's Pizza,"Milwaukee, WI",WI,Midwest,2026-02-20 20:00:00,2026-02-20 20:30:00,February,2,Friday,4,20,True,False,Medium,Margarita,3,0.6666666666666666,6,4.5,Medium,2,30,10.8,19.2,False,30.28645833333333,-0.29,False,6.666666666666667,Cash,Offline
ORD869,Domino's,"Albuquerque, NM",NM,West,2026-02-21 19:15:00,2026-02-21 19:45:00,February,2,Saturday,5,19,True,True,Large,Sicilian,4,0.7272727272727273,12,5.5,Medium,2,30,13.2,16.8,False,30.25943396226415,-0.26,False,5.454545454545454,UPI,Online
ORD870,Pizza Hut,"Atlanta, GA",GA,South,2026-02-22 20:30:00,2026-02-22 21:00:00,February,2,Sunday,6,20,True,True,Medium,Veg,2,0.5,4,4.0,Low,1,30,9.6,20.4,False,29.94845360824742,0.05,True,7.5,Wallet,Online
ORD871,Papa John's,"Omaha, NE",NE,Midwest,2026-02-23 18:00:00,2026-02-23 18:30:00,February,2,Monday,0,18,True,False,Medium,BBQ Chicken,3,0.6,6,5.0,Medium,2,30,12.0,18.0,False,28.18627450980392,1.81,True,6.0,Card,Online
ORD872,Little Caesars,"Louisville, KY",KY,South,2026-02-24 19:15:00,2026-02-24 19:45:00,February,2,Tuesday,1,19,True,False,XL,Cheese Burst,5,0.8333333333333334,20,6.0,High,3,30,14.4,15.6,False,28.84422110552764,1.16,True,5.0,UPI,Online
ORD873,Marco's Pizza,"Milwaukee, WI",WI,Midwest,2026-02-25 20:30:00,2026-02-25 21:00:00,February,2,Wednesday,2,20,True,False,Medium,Margarita,3,0.6666666666666666,6,4.5,Medium,2,30,10.8,19.2,False,30.28645833333333,-0.29,False,6.666666666666667,Cash,Offline
ORD874,Domino's,"Albuquerque, NM",NM,West,2026-02-26 19:00:00,2026-02-26 19:30:00,February,2,Thursday,3,19,True,False,Large,Sicilian,4,0.7272727272727273,12,5.5,Medium,2,30,13.2,16.8,False,30.25943396226415,-0.26,False,5.454545454545454,UPI,Online
ORD875,Pizza Hut,"Atlanta, GA",GA,South,2026-02-27 20:15:00,2026-02-27 20:45:00,February,2,Friday,4,20,True,False,Medium,Veg,2,0.5,4,4.0,Low,1,30,9.6,20.4,False,29.94845360824742,0.05,True,7.5,Wallet,Online
ORD876,Papa John's,"Omaha, NE",NE,Midwest,2026-02-28 18:30:00,2026-02-28 19:00:00,February,2,Saturday,5,18,True,True,Medium,BBQ Chicken,3,0.6,6,5.0,Medium,2,30,12.0,18.0,False,28.18627450980392,1.81,True,6.0,Card,Online
ORD877,Little Caesars,"Louisville, KY",KY,South,2026-03-01 19:45:00,2026-03-01 20:15:00,March,3,Sunday,6,19,True,True,XL,Cheese Burst,5,0.8333333333333334,20,6.0,High,3,30,14.4,15.6,False,28.84422110552764,1.16,True,5.0,UPI,Online
ORD878,Marco's Pizza,"Milwaukee, WI",WI,Midwest,2026-03-02 20:00:00,2026-03-02 20:30:00,March,3,Monday,0,20,True,False,Medium,Margarita,3,0.6666666666666666,6,4.5,Medium,2,30,10.8,19.2,False,30.28645833333333,-0.29,False,6.666666666666667,Cash,Offline
ORD879,Domino's,"Albuquerque, NM",NM,West,2026-03-03 19:15:00,2026-03-03 19:45:00,March,3,Tuesday,1,19,True,False,Large,Sicilian,4,0.7272727272727273,12,5.5,Medium,2,30,13.2,16.8,False,30.25943396226415,-0.26,False,5.454545454545454,UPI,Online
ORD880,Pizza Hut,"Atlanta, GA",GA,South,2026-03-04 20:30:00,2026-03-04 21:00:00,March,3,Wednesday,2,20,True,False,Medium,Veg,2,0.5,4,4.0,Low,1,30,9.6,20.4,False,29.94845360824742,0.05,True,7.5,Wallet,Online
ORD881,Papa John's,"Omaha, NE",NE,Midwest,2026-03-05 18:00:00,2026-03-05 18:30:00,March,3,Thursday,3,18,True,False,Medium,BBQ Chicken,3,0.6,6,5.0,Medium,2,30,12.0,18.0,False,28.18627450980392,1.81,True,6.0,Card,Online
ORD882,Little Caesars,"Louisville, KY",KY,South,2026-03-06 19:15:00,2026-03-06 19:45:00,March,3,Friday,4,19,True,False,XL,Cheese Burst,5,0.8333333333333334,20,6.0,High,3,30,14.4,15.6,False,28.84422110552764,1.16,True,5.0,UPI,Online
ORD883,Marco's Pizza,"Milwaukee, WI",WI,Midwest,2026-03-07 20:30:00,2026-03-07 21:00:00,March,3,Saturday,5,20,True,True,Medium,Margarita,3,0.6666666666666666,6,4.5,Medium,2,30,10.8,19.2,False,30.28645833333333,-0.29,False,6.666666666666667,Cash,Offline
ORD884,Domino's,"Albuquerque, NM",NM,West,2026-03-08 19:00:00,2026-03-08 19:30:00,March,3,Sunday,6,19,True,True,Large,Sicilian,4,0.7272727272727273,12,5.5,Medium,2,30,13.2,16.8,False,30.25943396226415,-0.26,False,5.454545454545454,UPI,Online
ORD885,Pizza Hut,"Atlanta, GA",GA,South,2026-03-09 20:15:00,2026-03-09 20:45:00,March,3,Monday,0,20,True,False,Medium,Veg,2,0.5,4,4.0,Low,1,30,9.6,20.4,False,29.94845360824742,0.05,True,7.5,Wallet,Online
ORD886,Papa John's,"Omaha, NE",NE,Midwest,2026-03-10 18:30:00,2026-03-10 19:00:00,March,3,Tuesday,1,18,True,False,Medium,BBQ Chicken,3,0.6,6,5.0,Medium,2,30,12.0,18.0,False,28.18627450980392,1.81,True,6.0,Card,Online
ORD887,Little Caesars,"Louisville, KY",KY,South,2026-03-11 19:45:00,2026-03-11 20:15:00,March,3,Wednesday,2,19,True,False,XL,Cheese Burst,5,0.8333333333333334,20,6.0,High,3,30,14.4,15.6,False,28.84422110552764,1.16,True,5.0,UPI,Online
ORD888,Marco's Pizza,"Milwaukee, WI",WI,Midwest,2026-03-12 20:00:00,2026-03-12 20:30:00,March,3,Thursday,3,20,True,False,Medium,Margarita,3,0.6666666666666666,6,4.5,Medium,2,30,10.8,19.2,False,30.28645833333333,-0.29,False,6.666666666666667,Cash,Offline
ORD889,Domino's,"Albuquerque, NM",NM,West,2026-03-13 19:15:00,2026-03-13 19:45:00,March,3,Friday,4,19,True,False,Large,Sicilian,4,0.7272727272727273,12,5.5,Medium,2,30,13.2,16.8,False,30.25943396226415,-0.26,False,5.454545454545454,UPI,Online
ORD890,Pizza Hut,"Atlanta, GA",GA,South,2026-03-14 20:30:00,2026-03-14 21:00:00,March,3,Saturday,5,20,True,True,Medium,Veg,2,0.5,4,4.0,Low,1,30,9.6,20.4,False,29.94845360824742,0.05,True,7.5,Wallet,Online
ORD891,Papa John's,"Omaha, NE",NE,Midwest,2026-03-15 18:00:00,2026-03-15 18:30:00,March,3,Sunday,6,18,True,True,Medium,BBQ Chicken,3,0.6,6,5.0,Medium,2,30,12.0,18.0,False,28.18627450980392,1.81,True,6.0,Card,Online
ORD892,Little Caesars,"Louisville, KY",KY,South,2026-03-16 19:15:00,2026-03-16 19:45:00,March,3,Monday,0,19,True,False,XL,Cheese Burst,5,0.8333333333333334,20,6.0,High,3,30,14.4,15.6,False,28.84422110552764,1.16,True,5.0,UPI,Online
ORD893,Marco's Pizza,"Milwaukee, WI",WI,Midwest,2026-03-17 20:30:00,2026-03-17 21:00:00,March,3,Tuesday,1,20,True,False,Medium,Margarita,3,0.6666666666666666,6,4.5,Medium,2,30,10.8,19.2,False,30.28645833333333,-0.29,False,6.666666666666667,Cash,Offline
ORD894,Papa John's,"Omaha, NE",NE,Midwest,2026-03-18 18:00:00,2026-03-18 18:30:00,March,3,Wednesday,2,18,True,False,Medium,BBQ Chicken,3,0.6,6,5.0,Medium,2,30,12.0,18.0,False,28.18627450980392,1.81,True,6.0,UPI,Online
ORD895,Little Caesars,"Louisville, KY",KY,South,2026-03-19 19:15:00,2026-03-19 19:45:00,March,3,Thursday,3,19,True,False,XL,Cheese Burst,5,0.8333333333333334,20,6.0,High,3,30,14.4,15.6,False,28.84422110552764,1.16,True,5.0,Card,Online
ORD896,Marco's Pizza,"Milwaukee, WI",WI,Midwest,2026-03-20 20:30:00,2026-03-20 21:00:00,March,3,Friday,4,20,True,False,Medium,Margarita,3,0.6666666666666666,6,4.5,Medium,2,30,10.8,19.2,False,30.28645833333333,-0.29,False,6.666666666666667,Cash,Offline
ORD897,Domino's,"Albuquerque, NM",NM,West,2026-03-21 19:00:00,2026-03-21 19:30:00,March,3,Saturday,5,19,True,True,Large,Sicilian,4,0.7272727272727273,12,5.5,Medium,2,30,13.2,16.8,False,30.25943396226415,-0.26,False,5.454545454545454,UPI,Online
ORD898,Pizza Hut,"Atlanta, GA",GA,South,2026-03-22 20:15:00,2026-03-22 20:45:00,March,3,Sunday,6,20,True,True,Medium,Veg,2,0.5,4,4.0,Low,1,30,9.6,20.4,False,29.94845360824742,0.05,True,7.5,Wallet,Online
ORD899,Papa John's,"Omaha, NE",NE,Midwest,2026-03-23 18:30:00,2026-03-23 19:00:00,March,3,Monday,0,18,True,False,Medium,BBQ Chicken,3,0.6,6,5.0,Medium,2,30,12.0,18.0,False,28.18627450980392,1.81,True,6.0,Card,Online
ORD900,Little Caesars,"Louisville, KY",KY,South,2026-03-24 19:45:00,2026-03-24 20:15:00,March,3,Tuesday,1,19,True,False,XL,Cheese Burst,5,0.8333333333333334,20,6.0,High,3,30,14.4,15.6,False,28.84422110552764,1.16,True,5.0,UPI,Online
ORD901,Marco's Pizza,"Milwaukee, WI",WI,Midwest,2026-03-25 20:00:00,2026-03-25 20:30:00,March,3,Wednesday,2,20,True,False,Medium,Margarita,3,0.6666666666666666,6,4.5,Medium,2,30,10.8,19.2,False,30.28645833333333,-0.29,False,6.666666666666667,Cash,Offline
ORD902,Domino's,"Albuquerque, NM",NM,West,2026-03-26 19:15:00,2026-03-26 19:45:00,March,3,Thursday,3,19,True,False,Large,Sicilian,4,0.7272727272727273,12,5.5,Medium,2,30,13.2,16.8,False,30.25943396226415,-0.26,False,5.454545454545454,UPI,Online
ORD903,Pizza Hut,"Atlanta, GA",GA,South,2026-03-27 20:30:00,2026-03-27 21:00:00,March,3,Friday,4,20,True,False,Medium,Veg,2,0.5,4,4.0,Low,1,30,9.6,20.4,False,29.94845360824742,0.05,True,7.5,Wallet,Online
ORD904,Papa John's,"Omaha, NE",NE,Midwest,2026-03-28 18:00:00,2026-03-28 18:30:00,March,3,Saturday,5,18,True,True,Medium,BBQ Chicken,3,0.6,6,5.0,Medium,2,30,12.0,18.0,False,28.18627450980392,1.81,True,6.0,Card,Online
ORD905,Little Caesars,"Louisville, KY",KY,South,2026-03-29 19:15:00,2026-03-29 19:45:00,March,3,Sunday,6,19,True,True,XL,Cheese Burst,5,0.8333333333333334,20,6.0,High,3,30,14.4,15.6,False,28.84422110552764,1.16,True,5.0,UPI,Online
ORD906,Marco's Pizza,"Milwaukee, WI",WI,Midwest,2026-03-30 20:30:00,2026-03-30 21:00:00,March,3,Monday,0,20,True,False,Medium,Margarita,3,0.6666666666666666,6,4.5,Medium,2,30,10.8,19.2,False,30.28645833333333,-0.29,False,6.666666666666667,Cash,Offline
ORD907,Domino's,"Albuquerque, NM",NM,West,2026-03-31 19:00:00,2026-03-31 19:30:00,March,3,Tuesday,1,19,True,False,Large,Sicilian,4,0.7272727272727273,12,5.5,Medium,2,30,13.2,16.8,False,30.25943396226415,-0.26,False,5.454545454545454,UPI,Online
ORD908,Pizza Hut,"Atlanta, GA",GA,South,2026-04-01 20:15:00,2026-04-01 20:45:00,April,4,Wednesday,2,20,True,False,Medium,Veg,2,0.5,4,4.0,Low,1,30,9.6,20.4,False,29.94845360824742,0.05,True,7.5,Wallet,Online
ORD909,Papa John's,"Omaha, NE",NE,Midwest,2026-04-02 18:30:00,2026-04-02 19:00:00,April,4,Thursday,3,18,True,False,Medium,BBQ Chicken,3,0.6,6,5.0,Medium,2,30,12.0,18.0,False,28.18627450980392,1.81,True,6.0,Card,Online
ORD910,Little Caesars,"Louisville, KY",KY,South,2026-04-03 19:45:00,2026-04-03 20:15:00,April,4,Friday,4,19,True,False,XL,Cheese Burst,5,0.8333333333333334,20,6.0,High,3,30,14.4,15.6,False,28.84422110552764,1.16,True,5.0,UPI,Online
ORD911,Marco's Pizza,"Milwaukee, WI",WI,Midwest,2026-04-04 20:00:00,2026-04-04 20:30:00,April,4,Saturday,5,20,True,True,Medium,Margarita,3,0.6666666666666666,6,4.5,Medium,2,30,10.8,19.2,False,30.28645833333333,-0.29,False,6.666666666666667,Cash,Offline
ORD912,Domino's,"Albuquerque, NM",NM,West,2026-04-05 19:15:00,2026-04-05 19:45:00,April,4,Sunday,6,19,True,True,Large,Sicilian,4,0.7272727272727273,12,5.5,Medium,2,30,13.2,16.8,False,30.25943396226415,-0.26,False,5.454545454545454,UPI,Online
ORD913,Pizza Hut,"Atlanta, GA",GA,South,2026-04-06 20:30:00,2026-04-06 21:00:00,April,4,Monday,0,20,True,False,Medium,Veg,2,0.5,4,4.0,Low,1,30,9.6,20.4,False,29.94845360824742,0.05,True,7.5,Wallet,Online
ORD914,Papa John's,"Omaha, NE",NE,Midwest,2026-04-07 18:00:00,2026-04-07 18:30:00,April,4,Tuesday,1,18,True,False,Medium,BBQ Chicken,3,0.6,6,5.0,Medium,2,30,12.0,18.0,False,28.18627450980392,1.81,True,6.0,Card,Online
ORD915,Little Caesars,"Louisville, KY",KY,South,2026-04-08 19:15:00,2026-04-08 19:45:00,April,4,Wednesday,2,19,True,False,XL,Cheese Burst,5,0.8333333333333334,20,6.0,High,3,30,14.4,15.6,False,28.84422110552764,1.16,True,5.0,UPI,Online
ORD916,Marco's Pizza,"Milwaukee, WI",WI,Midwest,2026-04-09 20:30:00,2026-04-09 21:00:00,April,4,Thursday,3,20,True,False,Medium,Margarita,3,0.6666666666666666,6,4.5,Medium,2,30,10.8,19.2,False,30.28645833333333,-0.29,False,6.666666666666667,Cash,Offline
ORD917,Domino's,"Albuquerque, NM",NM,West,2026-04-10 19:00:00,2026-04-10 19:30:00,April,4,Friday,4,19,True,False,Large,Sicilian,4,0.7272727272727273,12,5.5,Medium,2,30,13.2,16.8,False,30.25943396226415,-0.26,False,5.454545454545454,UPI,Online
ORD918,Pizza Hut,"Atlanta, GA",GA,South,2026-04-11 20:15:00,2026-04-11 20:45:00,April,4,Saturday,5,20,True,True,Medium,Veg,2,0.5,4,4.0,Low,1,30,9.6,20.4,False,29.94845360824742,0.05,True,7.5,Wallet,Online
ORD919,Papa John's,"Omaha, NE",NE,Midwest,2026-04-12 18:30:00,2026-04-12 19:00:00,April,4,Sunday,6,18,True,True,Medium,BBQ Chicken,3,0.6,6,5.0,Medium,2,30,12.0,18.0,False,28.18627450980392,1.81,True,6.0,Card,Online
ORD920,Little Caesars,"Louisville, KY",KY,South,2026-04-13 19:45:00,2026-04-13 20:15:00,April,4,Monday,0,19,True,False,XL,Cheese Burst,5,0.8333333333333334,20,6.0,High,3,30,14.4,15.6,False,28.84422110552764,1.16,True,5.0,UPI,Online
ORD921,Marco's Pizza,"Milwaukee, WI",WI,Midwest,2026-04-14 20:00:00,2026-04-14 20:30:00,April,4,Tuesday,1,20,True,False,Medium,Margarita,3,0.6666666666666666,6,4.5,Medium,2,30,10.8,19.2,False,30.28645833333333,-0.29,False,6.666666666666667,Cash,Offline
ORD922,Papa John's,"Omaha, NE",NE,Midwest,2026-04-15 18:00:00,2026-04-15 18:30:00,April,4,Wednesday,2,18,True,False,Medium,BBQ Chicken,3,0.6,6,5.0,Medium,2,30,12.0,18.0,False,28.18627450980392,1.81,True,6.0,UPI,Online
ORD923,Little Caesars,"Louisville, KY",KY,South,2026-04-16 19:15:00,2026-04-16 19:45:00,April,4,Thursday,3,19,True,False,XL,Cheese Burst,5,0.8333333333333334,20,6.0,High,3,30,14.4,15.6,False,28.84422110552764,1.16,True,5.0,Card,Online
ORD924,Marco's Pizza,"Milwaukee, WI",WI,Midwest,2026-04-17 20:30:00,2026-04-17 21:00:00,April,4,Friday,4,20,True,False,Medium,Margarita,3,0.6666666666666666,6,4.5,Medium,2,30,10.8,19.2,False,30.28645833333333,-0.29,False,6.666666666666667,Cash,Offline
ORD925,Domino's,"Albuquerque, NM",NM,West,2026-04-18 19:00:00,2026-04-18 19:30:00,April,4,Saturday,5,19,True,True,Large,Sicilian,4,0.7272727272727273,12,5.5,Medium,2,30,13.2,16.8,False,30.25943396226415,-0.26,False,5.454545454545454,UPI,Online
ORD926,Pizza Hut,"Atlanta, GA",GA,South,2026-04-19 20:15:00,2026-04-19 20:45:00,April,4,Sunday,6,20,True,True,Medium,Veg,2,0.5,4,4.0,Low,1,30,9.6,20.4,False,29.94845360824742,0.05,True,7.5,Wallet,Online
ORD927,Papa John's,"Omaha, NE",NE,Midwest,2026-04-20 18:30:00,2026-04-20 19:00:00,April,4,Monday,0,18,True,False,Medium,BBQ Chicken,3,0.6,6,5.0,Medium,2,30,12.0,18.0,False,28.18627450980392,1.81,True,6.0,Card,Online
ORD928,Little Caesars,"Louisville, KY",KY,South,2026-04-21 19:45:00,2026-04-21 20:15:00,April,4,Tuesday,1,19,True,False,XL,Cheese Burst,5,0.8333333333333334,20,6.0,High,3,30,14.4,15.6,False,28.84422110552764,1.16,True,5.0,UPI,Online
ORD929,Marco's Pizza,"Milwaukee, WI",WI,Midwest,2026-04-22 20:00:00,2026-04-22 20:30:00,April,4,Wednesday,2,20,True,False,Medium,Margarita,3,0.6666666666666666,6,4.5,Medium,2,30,10.8,19.2,False,30.28645833333333,-0.29,False,6.666666666666667,Cash,Offline
ORD930,Domino's,"Albuquerque, NM",NM,West,2026-04-23 19:15:00,2026-04-23 19:45:00,April,4,Thursday,3,19,True,False,Large,Sicilian,4,0.7272727272727273,12,5.5,Medium,2,30,13.2,16.8,False,30.25943396226415,-0.26,False,5.454545454545454,UPI,Online
ORD931,Pizza Hut,"Atlanta, GA",GA,South,2026-04-24 20:30:00,2026-04-24 21:00:00,April,4,Friday,4,20,True,False,Medium,Veg,2,0.5,4,4.0,Low,1,30,9.6,20.4,False,29.94845360824742,0.05,True,7.5,Wallet,Online
ORD932,Papa John's,"Omaha, NE",NE,Midwest,2026-04-25 18:00:00,2026-04-25 18:30:00,April,4,Saturday,5,18,True,True,Medium,BBQ Chicken,3,0.6,6,5.0,Medium,2,30,12.0,18.0,False,28.18627450980392,1.81,True,6.0,Card,Online
ORD933,Little Caesars,"Louisville, KY",KY,South,2026-04-26 19:15:00,2026-04-26 19:45:00,April,4,Sunday,6,19,True,True,XL,Cheese Burst,5,0.8333333333333334,20,6.0,High,3,30,14.4,15.6,False,28.84422110552764,1.16,True,5.0,UPI,Online
ORD934,Marco's Pizza,"Milwaukee, WI",WI,Midwest,2026-04-27 20:30:00,2026-04-27 21:00:00,April,4,Monday,0,20,True,False,Medium,Margarita,3,0.6666666666666666,6,4.5,Medium,2,30,10.8,19.2,False,30.28645833333333,-0.29,False,6.666666666666667,Cash,Offline
ORD935,Domino's,"Albuquerque, NM",NM,West,2026-04-28 19:00:00,2026-04-28 19:30:00,April,4,Tuesday,1,19,True,False,Large,Sicilian,4,0.7272727272727273,12,5.5,Medium,2,30,13.2,16.8,False,30.25943396226415,-0.26,False,5.454545454545454,UPI,Online
ORD936,Pizza Hut,"Atlanta, GA",GA,South,2026-04-29 20:15:00,2026-04-29 20:45:00,April,4,Wednesday,2,20,True,False,Medium,Veg,2,0.5,4,4.0,Low,1,30,9.6,20.4,False,29.94845360824742,0.05,True,7.5,Wallet,Online
ORD937,Papa John's,"Omaha, NE",NE,Midwest,2026-04-30 18:30:00,2026-04-30 19:00:00,April,4,Thursday,3,18,True,False,Medium,BBQ Chicken,3,0.6,6,5.0,Medium,2,30,12.0,18.0,False,28.18627450980392,1.81,True,6.0,Card,Online
ORD938,Little Caesars,"Louisville, KY",KY,South,2026-05-01 19:45:00,2026-05-01 20:15:00,May,5,Friday,4,19,True,False,XL,Cheese Burst,5,0.8333333333333334,20,6.0,High,3,30,14.4,15.6,False,28.84422110552764,1.16,True,5.0,UPI,Online
ORD939,Marco's Pizza,"Milwaukee, WI",WI,Midwest,2026-05-02 20:00:00,2026-05-02 20:30:00,May,5,Saturday,5,20,True,True,Medium,Margarita,3,0.6666666666666666,6,4.5,Medium,2,30,10.8,19.2,False,30.28645833333333,-0.29,False,6.666666666666667,Cash,Offline
ORD940,Domino's,"Albuquerque, NM",NM,West,2026-05-03 19:15:00,2026-05-03 19:45:00,May,5,Sunday,6,19,True,True,Large,Sicilian,4,0.7272727272727273,12,5.5,Medium,2,30,13.2,16.8,False,30.25943396226415,-0.26,False,5.454545454545454,UPI,Online
ORD941,Pizza Hut,"Atlanta, GA",GA,South,2026-05-04 20:30:00,2026-05-04 21:00:00,May,5,Monday,0,20,True,False,Medium,Veg,2,0.5,4,4.0,Low,1,30,9.6,20.4,False,29.94845360824742,0.05,True,7.5,Wallet,Online
ORD942,Papa John's,"Omaha, NE",NE,Midwest,2026-05-05 18:00:00,2026-05-05 18:30:00,May,5,Tuesday,1,18,True,False,Medium,BBQ Chicken,3,0.6,6,5.0,Medium,2,30,12.0,18.0,False,28.18627450980392,1.81,True,6.0,Card,Online
ORD943,Little Caesars,"Louisville, KY",KY,South,2026-05-06 19:15:00,2026-05-06 19:45:00,May,5,Wednesday,2,19,True,False,XL,Cheese Burst,5,0.8333333333333334,20,6.0,High,3,30,14.4,15.6,False,28.84422110552764,1.16,True,5.0,UPI,Online
ORD944,Marco's Pizza,"Milwaukee, WI",WI,Midwest,2026-05-07 20:30:00,2026-05-07 21:00:00,May,5,Thursday,3,20,True,False,Medium,Margarita,3,0.6666666666666666,6,4.5,Medium,2,30,10.8,19.2,False,30.28645833333333,-0.29,False,6.666666666666667,Cash,Offline
ORD945,Domino's,"Albuquerque, NM",NM,West,2026-05-08 19:00:00,2026-05-08 19:30:00,May,5,Friday,4,19,True,False,Large,Sicilian,4,0.7272727272727273,12,5.5,Medium,2,30,13.2,16.8,False,30.25943396226415,-0.26,False,5.454545454545454,UPI,Online
ORD946,Pizza Hut,"Atlanta, GA",GA,South,2026-05-09 20:15:00,2026-05-09 20:45:00,May,5,Saturday,5,20,True,True,Medium,Veg,2,0.5,4,4.0,Low,1,30,9.6,20.4,False,29.94845360824742,0.05,True,7.5,Wallet,Online
ORD947,Papa John's,"Omaha, NE",NE,Midwest,2026-05-10 18:30:00,2026-05-10 19:00:00,May,5,Sunday,6,18,True,True,Medium,BBQ Chicken,3,0.6,6,5.0,Medium,2,30,12.0,18.0,False,28.18627450980392,1.81,True,6.0,Card,Online
ORD948,Little Caesars,"Louisville, KY",KY,South,2026-05-11 19:45:00,2026-05-11 20:15:00,May,5,Monday,0,19,True,False,XL,Cheese Burst,5,0.8333333333333334,20,6.0,High,3,30,14.4,15.6,False,28.84422110552764,1.16,True,5.0,UPI,Online
ORD949,Marco's Pizza,"Milwaukee, WI",WI,Midwest,2026-05-12 20:00:00,2026-05-12 20:30:00,May,5,Tuesday,1,20,True,False,Medium,Margarita,3,0.6666666666666666,6,4.5,Medium,2,30,10.8,19.2,False,30.28645833333333,-0.29,False,6.666666666666667,Cash,Offline
ORD950,Papa John's,"Omaha, NE",NE,Midwest,2026-05-13 18:00:00,2026-05-13 18:30:00,May,5,Wednesday,2,18,True,False,Medium,BBQ Chicken,3,0.6,6,5.0,Medium,2,30,12.0,18.0,False,28.18627450980392,1.81,True,6.0,UPI,Online
ORD951,Little Caesars,"Louisville, KY",KY,South,2026-05-14 19:15:00,2026-05-14 19:45:00,May,5,Thursday,3,19,True,False,XL,Cheese Burst,5,0.8333333333333334,20,6.0,High,3,30,14.4,15.6,False,28.84422110552764,1.16,True,5.0,Card,Online
ORD952,Marco's Pizza,"Milwaukee, WI",WI,Midwest,2026-05-15 20:30:00,2026-05-15 21:00:00,May,5,Friday,4,20,True,False,Medium,Margarita,3,0.6666666666666666,6,4.5,Medium,2,30,10.8,19.2,False,30.28645833333333,-0.29,False,6.666666666666667,Cash,Offline
ORD953,Domino's,"Albuquerque, NM",NM,West,2026-05-16 19:00:00,2026-05-16 19:30:00,May,5,Saturday,5,19,True,True,Large,Sicilian,4,0.7272727272727273,12,5.5,Medium,2,30,13.2,16.8,False,30.25943396226415,-0.26,False,5.454545454545454,UPI,Online
ORD954,Pizza Hut,"Atlanta, GA",GA,South,2026-05-17 20:15:00,2026-05-17 20:45:00,May,5,Sunday,6,20,True,True,Medium,Veg,2,0.5,4,4.0,Low,1,30,9.6,20.4,False,29.94845360824742,0.05,True,7.5,Wallet,Online
ORD955,Papa John's,"Omaha, NE",NE,Midwest,2026-05-18 18:30:00,2026-05-18 19:00:00,May,5,Monday,0,18,True,False,Medium,BBQ Chicken,3,0.6,6,5.0,Medium,2,30,12.0,18.0,False,28.18627450980392,1.81,True,6.0,Card,Online
ORD956,Little Caesars,"Louisville, KY",KY,South,2026-05-19 19:45:00,2026-05-19 20:15:00,May,5,Tuesday,1,19,True,False,XL,Cheese Burst,5,0.8333333333333334,20,6.0,High,3,30,14.4,15.6,False,28.84422110552764,1.16,True,5.0,UPI,Online
ORD957,Marco's Pizza,"Milwaukee, WI",WI,Midwest,2026-05-20 20:00:00,2026-05-20 20:30:00,May,5,Wednesday,2,20,True,False,Medium,Margarita,3,0.6666666666666666,6,4.5,Medium,2,30,10.8,19.2,False,30.28645833333333,-0.29,False,6.666666666666667,Cash,Offline
ORD958,Domino's,"Albuquerque, NM",NM,West,2026-05-21 19:15:00,2026-05-21 19:45:00,May,5,Thursday,3,19,True,False,Large,Sicilian,4,0.7272727272727273,12,5.5,Medium,2,30,13.2,16.8,False,30.25943396226415,-0.26,False,5.454545454545454,UPI,Online
ORD959,Pizza Hut,"Atlanta, GA",GA,South,2026-05-22 20:30:00,2026-05-22 21:00:00,May,5,Friday,4,20,True,False,Medium,Veg,2,0.5,4,4.0,Low,1,30,9.6,20.4,False,29.94845360824742,0.05,True,7.5,Wallet,Online
ORD960,Papa John's,"Omaha, NE",NE,Midwest,2026-05-23 18:00:00,2026-05-23 18:30:00,May,5,Saturday,5,18,True,True,Medium,BBQ Chicken,3,0.6,6,5.0,Medium,2,30,12.0,18.0,False,28.18627450980392,1.81,True,6.0,UPI,Online
ORD961,Little Caesars,"Louisville, KY",KY,South,2026-05-24 19:15:00,2026-05-24 19:45:00,May,5,Sunday,6,19,True,True,XL,Cheese Burst,5,0.8333333333333334,20,6.0,High,3,30,14.4,15.6,False,28.84422110552764,1.16,True,5.0,Card,Online
ORD962,Marco's Pizza,"Milwaukee, WI",WI,Midwest,2026-05-25 20:30:00,2026-05-25 21:00:00,May,5,Monday,0,20,True,False,Medium,Margarita,3,0.6666666666666666,6,4.5,Medium,2,30,10.8,19.2,False,30.28645833333333,-0.29,False,6.666666666666667,Cash,Offline
ORD963,Domino's,"Albuquerque, NM",NM,West,2026-05-26 19:00:00,2026-05-26 19:30:00,May,5,Tuesday,1,19,True,False,Large,Sicilian,4,0.7272727272727273,12,5.5,Medium,2,30,13.2,16.8,False,30.25943396226415,-0.26,False,5.454545454545454,UPI,Online
ORD964,Pizza Hut,"Atlanta, GA",GA,South,2026-05-27 20:15:00,2026-05-27 20:45:00,May,5,Wednesday,2,20,True,False,Medium,Veg,2,0.5,4,4.0,Low,1,30,9.6,20.4,False,29.94845360824742,0.05,True,7.5,Wallet,Online
ORD965,Papa John's,"Omaha, NE",NE,Midwest,2026-05-28 18:30:00,2026-05-28 19:00:00,May,5,Thursday,3,18,True,False,Medium,BBQ Chicken,3,0.6,6,5.0,Medium,2,30,12.0,18.0,False,28.18627450980392,1.81,True,6.0,Card,Online
ORD966,Little Caesars,"Louisville, KY",KY,South,2026-05-29 19:45:00,2026-05-29 20:15:00,May,5,Friday,4,19,True,False,XL,Cheese Burst,5,0.8333333333333334,20,6.0,High,3,30,14.4,15.6,False,28.84422110552764,1.16,True,5.0,UPI,Online
ORD967,Marco's Pizza,"Milwaukee, WI",WI,Midwest,2026-05-30 20:00:00,2026-05-30 20:30:00,May,5,Saturday,5,20,True,True,Medium,Margarita,3,0.6666666666666666,6,4.5,Medium,2,30,10.8,19.2,False,30.28645833333333,-0.29,False,6.666666666666667,Cash,Offline
ORD968,Domino's,"Albuquerque, NM",NM,West,2026-05-31 19:15:00,2026-05-31 19:45:00,May,5,Sunday,6,19,True,True,Large,Sicilian,4,0.7272727272727273,12,5.5,Medium,2,30,13.2,16.8,False,30.25943396226415,-0.26,False,5.454545454545454,UPI,Online
ORD969,Pizza Hut,"Atlanta, GA",GA,South,2026-06-01 20:30:00,2026-06-01 21:00:00,June,6,Monday,0,20,True,False,Medium,Veg,2,0.5,4,4.0,Low,1,30,9.6,20.4,False,29.94845360824742,0.05,True,7.5,Wallet,Online
ORD970,Papa John's,"Omaha, NE",NE,Midwest,2026-06-02 18:00:00,2026-06-02 18:30:00,June,6,Tuesday,1,18,True,False,Medium,BBQ Chicken,3,0.6,6,5.0,Medium,2,30,12.0,18.0,False,28.18627450980392,1.81,True,6.0,UPI,Online
ORD971,Little Caesars,"Louisville, KY",KY,South,2026-06-03 19:15:00,2026-06-03 19:45:00,June,6,Wednesday,2,19,True,False,XL,Cheese Burst,5,0.8333333333333334,20,6.0,High,3,30,14.4,15.6,False,28.84422110552764,1.16,True,5.0,Card,Online
ORD972,Marco's Pizza,"Milwaukee, WI",WI,Midwest,2026-06-04 20:30:00,2026-06-04 21:00:00,June,6,Thursday,3,20,True,False,Medium,Margarita,3,0.6666666666666666,6,4.5,Medium,2,30,10.8,19.2,False,30.28645833333333,-0.29,False,6.666666666666667,Cash,Offline
ORD973,Domino's,"Albuquerque, NM",NM,West,2026-06-05 19:00:00,2026-06-05 19:30:00,June,6,Friday,4,19,True,False,Large,Sicilian,4,0.7272727272727273,12,5.5,Medium,2,30,13.2,16.8,False,30.25943396226415,-0.26,False,5.454545454545454,UPI,Online
ORD974,Pizza Hut,"Atlanta, GA",GA,South,2026-06-06 20:15:00,2026-06-06 20:45:00,June,6,Saturday,5,20,True,True,Medium,Veg,2,0.5,4,4.0,Low,1,30,9.6,20.4,False,29.94845360824742,0.05,True,7.5,Wallet,Online
ORD975,Papa John's,"Omaha, NE",NE,Midwest,2026-06-07 18:30:00,2026-06-07 19:00:00,June,6,Sunday,6,18,True,True,Medium,BBQ Chicken,3,0.6,6,5.0,Medium,2,30,12.0,18.0,False,28.18627450980392,1.81,True,6.0,Card,Online
ORD976,Little Caesars,"Louisville, KY",KY,South,2026-06-08 19:45:00,2026-06-08 20:15:00,June,6,Monday,0,19,True,False,XL,Cheese Burst,5,0.8333333333333334,20,6.0,High,3,30,14.4,15.6,False,28.84422110552764,1.16,True,5.0,UPI,Online
ORD977,Marco's Pizza,"Milwaukee, WI",WI,Midwest,2026-06-09 20:00:00,2026-06-09 20:30:00,June,6,Tuesday,1,20,True,False,Medium,Margarita,3,0.6666666666666666,6,4.5,Medium,2,30,10.8,19.2,False,30.28645833333333,-0.29,False,6.666666666666667,Cash,Offline
ORD978,Papa John's,"Omaha, NE",NE,Midwest,2026-06-10 18:00:00,2026-06-10 18:30:00,June,6,Wednesday,2,18,True,False,Medium,BBQ Chicken,3,0.6,6,5.0,Medium,2,30,12.0,18.0,False,28.18627450980392,1.81,True,6.0,UPI,Online
ORD979,Little Caesars,"Louisville, KY",KY,South,2026-06-11 19:15:00,2026-06-11 19:45:00,June,6,Thursday,3,19,True,False,XL,Cheese Burst,5,0.8333333333333334,20,6.0,High,3,30,14.4,15.6,False,28.84422110552764,1.16,True,5.0,Card,Online
ORD980,Marco's Pizza,"Milwaukee, WI",WI,Midwest,2026-06-12 20:30:00,2026-06-12 21:00:00,June,6,Friday,4,20,True,False,Medium,Margarita,3,0.6666666666666666,6,4.5,Medium,2,30,10.8,19.2,False,30.28645833333333,-0.29,False,6.666666666666667,Cash,Offline
ORD981,Domino's,"Albuquerque, NM",NM,West,2026-06-13 19:00:00,2026-06-13 19:30:00,June,6,Saturday,5,19,True,True,Large,Sicilian,4,0.7272727272727273,12,5.5,Medium,2,30,13.2,16.8,False,30.25943396226415,-0.26,False,5.454545454545454,UPI,Online
ORD982,Pizza Hut,"Atlanta, GA",GA,South,2026-06-14 20:15:00,2026-06-14 20:45:00,June,6,Sunday,6,20,True,True,Medium,Veg,2,0.5,4,4.0,Low,1,30,9.6,20.4,False,29.94845360824742,0.05,True,7.5,Wallet,Online
ORD983,Papa John's,"Omaha, NE",NE,Midwest,2026-06-15 18:30:00,2026-06-15 19:00:00,June,6,Monday,0,18,True,False,Medium,BBQ Chicken,3,0.6,6,5.0,Medium,2,30,12.0,18.0,False,28.18627450980392,1.81,True,6.0,Card,Online
ORD984,Little Caesars,"Louisville, KY",KY,South,2026-06-16 19:45:00,2026-06-16 20:15:00,June,6,Tuesday,1,19,True,False,XL,Cheese Burst,5,0.8333333333333334,20,6.0,High,3,30,14.4,15.6,False,28.84422110552764,1.16,True,5.0,UPI,Online
ORD985,Marco's Pizza,"Milwaukee, WI",WI,Midwest,2026-06-17 20:00:00,2026-06-17 20:30:00,June,6,Wednesday,2,20,True,False,Medium,Margarita,3,0.6666666666666666,6,4.5,Medium,2,30,10.8,19.2,False,30.28645833333333,-0.29,False,6.666666666666667,Cash,Offline
ORD986,Domino's,"Albuquerque, NM",NM,West,2026-06-18 19:15:00,2026-06-18 19:45:00,June,6,Thursday,3,19,True,False,Large,Sicilian,4,0.7272727272727273,12,5.5,Medium,2,30,13.2,16.8,False,30.25943396226415,-0.26,False,5.454545454545454,UPI,Online
ORD987,Pizza Hut,"Atlanta, GA",GA,South,2026-06-19 20:30:00,2026-06-19 21:00:00,June,6,Friday,4,20,True,False,Medium,Veg,2,0.5,4,4.0,Low,1,30,9.6,20.4,False,29.94845360824742,0.05,True,7.5,Wallet,Online
ORD988,Papa John's,"Omaha, NE",NE,Midwest,2026-06-20 18:00:00,2026-06-20 18:30:00,June,6,Saturday,5,18,True,True,Medium,BBQ Chicken,3,0.6,6,5.0,Medium,2,30,12.0,18.0,False,28.18627450980392,1.81,True,6.0,UPI,Online
ORD989,Little Caesars,"Louisville, KY",KY,South,2026-06-21 19:15:00,2026-06-21 19:45:00,June,6,Sunday,6,19,True,True,XL,Cheese Burst,5,0.8333333333333334,20,6.0,High,3,30,14.4,15.6,False,28.84422110552764,1.16,True,5.0,Card,Online
ORD990,Marco's Pizza,"Milwaukee, WI",WI,Midwest,2026-06-22 20:30:00,2026-06-22 21:00:00,June,6,Monday,0,20,True,False,Medium,Margarita,3,0.6666666666666666,6,4.5,Medium,2,30,10.8,19.2,False,30.28645833333333,-0.29,False,6.666666666666667,Cash,Offline
ORD991,Domino's,"Albuquerque, NM",NM,West,2026-06-23 19:00:00,2026-06-23 19:30:00,June,6,Tuesday,1,19,True,False,Large,Sicilian,4,0.7272727272727273,12,5.5,Medium,2,30,13.2,16.8,False,30.25943396226415,-0.26,False,5.454545454545454,UPI,Online
ORD992,Pizza Hut,"Atlanta, GA",GA,South,2026-06-24 20:15:00,2026-06-24 20:45:00,June,6,Wednesday,2,20,True,False,Medium,Veg,2,0.5,4,4.0,Low,1,30,9.6,20.4,False,29.94845360824742,0.05,True,7.5,Wallet,Online
ORD993,Papa John's,"Omaha, NE",NE,Midwest,2026-06-25 18:30:00,2026-06-25 19:00:00,June,6,Thursday,3,18,True,False,Medium,BBQ Chicken,3,0.6,6,5.0,Medium,2,30,12.0,18.0,False,28.18627450980392,1.81,True,6.0,Card,Online
ORD994,Little Caesars,"Louisville, KY",KY,South,2026-06-26 19:45:00,2026-06-26 20:15:00,June,6,Friday,4,19,True,False,XL,Cheese Burst,5,0.8333333333333334,20,6.0,High,3,30,14.4,15.6,False,28.84422110552764,1.16,True,5.0,UPI,Online
ORD995,Marco's Pizza,"Milwaukee, WI",WI,Midwest,2026-06-27 20:00:00,2026-06-27 20:30:00,June,6,Saturday,5,20,True,True,Medium,Margarita,3,0.6666666666666666,6,4.5,Medium,2,30,10.8,19.2,False,30.28645833333333,-0.29,False,6.666666666666667,Cash,Offline
ORD996,Domino's,"Albuquerque, NM",NM,West,2026-06-28 19:15:00,2026-06-28 19:45:00,June,6,Sunday,6,19,True,True,Large,Sicilian,4,0.7272727272727273,12,5.5,Medium,2,30,13.2,16.8,False,30.25943396226415,-0.26,False,5.454545454545454,UPI,Online
ORD997,Pizza Hut,"Atlanta, GA",GA,South,2026-06-29 20:30:00,2026-06-29 21:00:00,June,6,Monday,0,20,True,False,Medium,Veg,2,0.5,4,4.0,Low,1,30,9.6,20.4,False,29.94845360824742,0.05,True,7.5,Wallet,Online
ORD998,Papa John's,"Omaha, NE",NE,Midwest,2026-06-30 18:00:00,2026-06-30 18:30:00,June,6,Tuesday,1,18,True,False,Medium,BBQ Chicken,3,0.6,6,5.0,Medium,2,30,12.0,18.0,False,28.18627450980392,1.81,True,6.0,UPI,Online
ORD999,Little Caesars,"Louisville, KY",KY,South,2026-07-01 19:15:00,2026-07-01 19:45:00,July,7,Wednesday,2,19,True,False,XL,Cheese Burst,5,0.8333333333333334,20,6.0,High,3,30,14.4,15.6,False,28.84422110552764,1.16,True,5.0,Card,Online
ORD1000,Marco's Pizza,"Milwaukee, WI",WI,Midwest,2026-07-02 20:30:00,2026-07-02 21:00:00,July,7,Thursday,3,20,True,False,Medium,Margarita,3,0.6666666666666666,6,4.5,Medium,2,30,10.8,19.2,False,30.28645833333333,-0.29,False,6.666666666666667,Cash,Offline
ORD1001,Domino's,"Albuquerque, NM",NM,West,2026-07-03 19:00:00,2026-07-03 19:30:00,July,7,Friday,4,19,True,False,Large,Sicilian,4,0.7272727272727273,12,5.5,Medium,2,30,13.2,16.8,False,30.25943396226415,-0.26,False,5.454545454545454,UPI,Online
ORD1002,Pizza Hut,"Atlanta, GA",GA,South,2026-07-04 20:15:00,2026-07-04 20:45:00,July,7,Saturday,5,20,True,True,Medium,Veg,2,0.5,4,4.0,Low,1,30,9.6,20.4,False,29.94845360824742,0.05,True,7.5,Wallet,Online
ORD1003,Papa John's,"Omaha, NE",NE,Midwest,2026-07-05 18:30:00,2026-07-05 19:00:00,July,7,Sunday,6,18,True,True,Medium,BBQ Chicken,3,0.6,6,5.0,Medium,2,30,12.0,18.0,False,28.18627450980392,1.81,True,6.0,Card,Online
ORD1004,Little Caesars,"Louisville, KY",KY,South,2026-07-06 19:45:00,2026-07-06 20:15:00,July,7,Monday,0,19,True,False,XL,Cheese Burst,5,0.8333333333333334,20,6.0,High,3,30,14.4,15.6,False,28.84422110552764,1.16,True,5.0,UPI,Online
ORD1005,Marco's Pizza,"Milwaukee, WI",WI,Midwest,2026-07-07 20:00:00,2026-07-07 20:30:00,July,7,Tuesday,1,20,True,False,Medium,Margarita,3,0.6666666666666666,6,4.5,Medium,2,30,10.8,19.2,False,30.28645833333333,-0.29,False,6.666666666666667,UPI,Online
